r,m,s,value
AL,trn,ppd,0.2924545569400582
AL,trn,fbp,0.423333122123261
AL,trn,agr,0.9178594975983935
AL,trn,eec,0.14006279851411174
AL,trn,pub,0.06678744415630608
AL,trn,tex,0.0952527753976367
AL,trn,nmp,0.4592238869167015
AL,trn,ote,0.112130952986137
AL,trn,mch,0.20294525194975097
AL,trn,oil,0.7503866392756111
AL,trn,pla,0.11099473812329347
AL,trn,fof,0.1290849132983009
AL,trn,mov,0.0009019393928638161
AL,trn,fpd,0.29027725065906856
AL,trn,pri,0.04038507472134954
AL,trn,fmt,0.21950699975233423
AL,trn,pet,0.5279601589784412
AL,trn,cep,0.12814003546041736
AL,trn,mot,0.4613503374651981
AL,trn,alt,0.12221131087525271
AL,trn,pmt,0.4938072285730988
AL,trn,wpd,0.30803174694441865
AL,trn,che,0.5584533991342454
AL,trn,mmf,0.26394204563252727
AL,trn,min,0.6356024607270687
AL,trd,ppd,1.3927458218646425
AL,trd,fbp,8.870351237298046
AL,trd,agr,1.9814643753895322
AL,trd,eec,1.5260876124367615
AL,trd,pub,1.2014938730396316
AL,trd,tex,1.43113613756011
AL,trd,nmp,0.8542969169054511
AL,trd,ote,0.7080559207028961
AL,trd,mch,2.2709714344296654
AL,trd,oil,0.2565188740729024
AL,trd,pla,1.8466409766325358
AL,trd,fof,0.29404051800060693
AL,trd,mov,0.056232402406567246
AL,trd,fpd,1.5218684346025195
AL,trd,pri,0.1576108509385277
AL,trd,fmt,2.2184420565261873
AL,trd,pet,2.6667575285888456
AL,trd,cep,2.8717991260357256
AL,trd,mot,7.582206225838077
AL,trd,alt,4.0685221084719245
AL,trd,pmt,1.3733937317073877
AL,trd,wpd,1.3759246510344219
AL,trd,che,6.903207649057693
AL,trd,mmf,3.4024056872854316
AL,trd,min,0.20741076852455356
AK,trn,ppd,0.031870710471884695
AK,trn,fbp,0.09174008049703289
AK,trn,agr,0.1730968455286015
AK,trn,eec,0.024357581507725084
AK,trn,pub,0.014674406070365959
AK,trn,tex,0.009078014945544931
AK,trn,nmp,0.08066272391065352
AK,trn,ote,0.019187418997893207
AK,trn,mch,0.04096490398031436
AK,trn,oil,0.35831002680263013
AK,trn,pla,0.018124997567538003
AK,trn,fof,0.01611969996000591
AK,trn,mov,0.00024958843137925894
AK,trn,fpd,0.03896203754088809
AK,trn,pri,0.009956519222651228
AK,trn,fmt,0.04164854174702541
AK,trn,pet,0.16996592936035948
AK,trn,cep,0.0265992261733646
AK,trn,mot,0.03507354478234817
AK,trn,alt,0.01539959224883907
AK,trn,pmt,0.014548730240464155
AK,trn,wpd,0.025289540608647295
AK,trn,che,0.0954417507350699
AK,trn,mmf,0.04999209244449624
AK,trn,min,0.13760398298986426
AK,trd,ppd,0.15177673862908173
AK,trd,fbp,1.9222845887067992
AK,trd,agr,0.37367945072710984
AK,trd,eec,0.2653938362092117
AK,trd,pub,0.26398987424607917
AK,trd,tex,0.13639366613355883
AK,trd,nmp,0.15005734307232688
AK,trd,ote,0.12115981593543715
AK,trd,mch,0.45840011461062496
AK,trd,oil,0.12248790134799178
AK,trd,pla,0.30154909841222993
AK,trd,fof,0.036718814036007796
AK,trd,mov,0.015560864976502388
AK,trd,fpd,0.20427055494926888
AK,trd,pri,0.0388573124575224
AK,trd,fmt,0.4209199556680893
AK,trd,pet,0.8585078135485732
AK,trd,cep,0.5961262161620933
AK,trd,mot,0.5764271270983771
AK,trd,alt,0.5126659805638475
AK,trd,pmt,0.04046343139668592
AK,trd,wpd,0.11296401322897594
AK,trd,che,1.1797837111121454
AK,trd,mmf,0.6444345736763183
AK,trd,min,0.044903142494633626
AR,trn,ppd,0.15911034402015253
AR,trn,fbp,0.28187572429723695
AR,trn,agr,1.0151071107373941
AR,trn,eec,0.08431653635529679
AR,trn,pub,0.03163819485252412
AR,trn,tex,0.04333404333516338
AR,trn,nmp,0.20624740277896075
AR,trn,ote,0.03697229044725069
AR,trn,mch,0.17474938944645116
AR,trn,oil,0.23815802254391097
AR,trn,pla,0.05847522281447306
AR,trn,fof,0.10538724628845188
AR,trn,mov,0.0004163212612818671
AR,trn,fpd,0.14868715234295324
AR,trn,pri,0.021052863475714122
AR,trn,fmt,0.11759840555380505
AR,trn,pet,0.2510441732159828
AR,trn,cep,0.059059522981938936
AR,trn,mot,0.11157277869758689
AR,trn,alt,0.07609689829635048
AR,trn,pmt,0.32021577565248144
AR,trn,wpd,0.19076215461992221
AR,trn,che,0.29678047575054967
AR,trn,mmf,0.13010761921706634
AR,trn,min,0.34947625964637485
AR,trd,ppd,0.757725470815395
AR,trd,fbp,5.906310064385325
AR,trd,agr,2.1914013881140058
AR,trd,eec,0.918690923074966
AR,trd,pub,0.5691653236554125
AR,trd,tex,0.6510772535987107
AR,trd,nmp,0.3836832650340403
AR,trd,ote,0.23346318260899362
AR,trd,mch,1.955457778904703
AR,trd,oil,0.08141406655823243
AR,trd,pla,0.9728636185165457
AR,trd,fof,0.2400599705846633
AR,trd,mov,0.02595600644570845
AR,trd,fpd,0.7795384697488602
AR,trd,pri,0.08216302062072971
AR,trd,fmt,1.188505373201474
AR,trd,pet,1.2680387478999564
AR,trd,cep,1.323607300982923
AR,trd,mot,1.833677681743785
AR,trd,alt,2.533332724176961
AR,trd,pmt,0.8905951829537379
AR,trd,wpd,0.8521016214388832
AR,trd,che,3.668591244082811
AR,trd,mmf,1.6771822106722343
AR,trd,min,0.11404162833388805
AZ,trn,ppd,0.24014104047576934
AZ,trn,fbp,0.5885657524500978
AZ,trn,agr,0.9360297312633664
AZ,trn,eec,0.204572053264661
AZ,trn,pub,0.11934543711129396
AZ,trn,tex,0.09834084845925785
AZ,trn,nmp,0.6478391251444411
AZ,trn,ote,0.1764260029213015
AZ,trn,mch,0.24839810878460775
AZ,trn,oil,0.2584777147404218
AZ,trn,pla,0.14225266684693286
AZ,trn,fof,0.07175712475047802
AZ,trn,mov,0.0018160329419614314
AZ,trn,fpd,0.4149838059329672
AZ,trn,pri,0.06625387246653462
AZ,trn,fmt,0.2793762856812206
AZ,trn,pet,0.8234873713089549
AZ,trn,cep,0.3317449355890432
AZ,trn,mot,0.290774278785044
AZ,trn,alt,0.1845193457560958
AZ,trn,pmt,0.2711906041066235
AZ,trn,wpd,0.22382571711956084
AZ,trn,che,0.7736990964154479
AZ,trn,mmf,0.5402715720555855
AZ,trn,min,0.7498447688895865
AZ,trd,ppd,1.1436150432403969
AZ,trd,fbp,12.332569028125455
AZ,trd,agr,2.0206900638460468
AZ,trd,eec,2.228963576695192
AZ,trd,pub,2.147002528332523
AZ,trd,tex,1.477533241848806
AZ,trd,nmp,1.2051789617860411
AZ,trd,ote,1.1140498908434147
AZ,trd,mch,2.779592052519999
AZ,trd,oil,0.08836033171133896
AZ,trd,pla,2.366685196761364
AZ,trd,fof,0.16345443935114337
AZ,trd,mov,0.11322256903727065
AZ,trd,fpd,2.1756811933648867
AZ,trd,pri,0.258569020596683
AZ,trd,fmt,2.8235095119999873
AZ,trd,pet,4.159482699196754
AZ,trd,cep,7.434872424283699
AZ,trd,mot,4.778820709291991
AZ,trd,alt,6.142811432697503
AZ,trd,pmt,0.7542446813794305
AZ,trd,wpd,0.9997908487524525
AZ,trd,che,9.563923379684242
AZ,trd,mmf,6.964495046764269
AZ,trd,min,0.2446904935068983
CA,trn,ppd,1.6917844316350226
CA,trn,fbp,4.076613860747516
CA,trn,agr,9.467368301176746
CA,trn,eec,1.3708409685969656
CA,trn,pub,1.4625938468426396
CA,trn,tex,0.725882617291284
CA,trn,nmp,3.831382690856776
CA,trn,ote,0.5604700992255268
CA,trn,mch,2.055028822150055
CA,trn,oil,10.417583586265948
CA,trn,pla,0.968215949742715
CA,trn,fof,0.8421858616169638
CA,trn,mov,0.04913318720429946
CA,trn,fpd,2.2629714421643303
CA,trn,pri,0.5532216477140727
CA,trn,fmt,1.7745052825679755
CA,trn,pet,5.157786972968413
CA,trn,cep,3.6074797474465043
CA,trn,mot,1.5902232111364694
CA,trn,alt,1.422103791520952
CA,trn,pmt,1.392435081524641
CA,trn,wpd,1.4208779221710859
CA,trn,che,6.02419360383151
CA,trn,mmf,3.153904990474078
CA,trn,min,3.250553216559288
CA,trd,ppd,8.056724173862886
CA,trd,fbp,85.41972010670871
CA,trd,agr,20.438044239404807
CA,trd,eec,14.936324584331818
CA,trd,pub,26.3117950975067
CA,trd,tex,10.906105789522707
CA,trd,nmp,7.127543913841677
CA,trd,ote,3.5391135236551206
CA,trd,mch,22.995914943543188
CA,trd,oil,3.5612398625447437
CA,trd,pla,16.10839646324518
CA,trd,fof,1.9184020864651967
CA,trd,mov,3.063262538757452
CA,trd,fpd,11.864329011031451
CA,trd,pri,2.1590583960894465
CA,trd,fmt,17.93399368957855
CA,trd,pet,26.052282557901584
CA,trd,cep,80.84871483517465
CA,trd,mot,26.135020076496
CA,trd,alt,47.34308694430636
CA,trd,pmt,3.872688575866642
CA,trd,wpd,6.346816451937114
CA,trd,che,74.46683900544632
CA,trd,mmf,40.65613817241884
CA,trd,min,1.0607255044376342
CO,trn,ppd,0.22631078028772078
CO,trn,fbp,0.6376848616461023
CO,trn,agr,1.3555870242607186
CO,trn,eec,0.20655795846329064
CO,trn,pub,0.17297593754773316
CO,trn,tex,0.09142477472315631
CO,trn,nmp,0.678491317393413
CO,trn,ote,0.09612950188010112
CO,trn,mch,0.2669541854148944
CO,trn,oil,0.9344744235797839
CO,trn,pla,0.1379162516285095
CO,trn,fof,0.09041844280679971
CO,trn,mov,0.0025701335879145153
CO,trn,fpd,0.40262013358508003
CO,trn,pri,0.06997749733477371
CO,trn,fmt,0.27555699806695394
CO,trn,pet,0.8029880225291716
CO,trn,cep,0.27133157969474797
CO,trn,mot,0.20060507299325173
CO,trn,alt,0.17566287798255034
CO,trn,pmt,0.17347871441505758
CO,trn,wpd,0.2323438745750603
CO,trn,che,0.7067099390548812
CO,trn,mmf,0.44658450515907727
CO,trn,min,0.5090125295887865
CO,trd,ppd,1.0777516923877257
CO,trd,fbp,13.361791000756488
CO,trd,agr,2.9264254532867415
CO,trd,eec,2.2506014802302774
CO,trd,pub,3.111805396542698
CO,trd,tex,1.373621906851518
CO,trd,nmp,1.2622014165858275
CO,trd,ote,0.6070140415986728
CO,trd,mch,2.987235836040999
CO,trd,oil,0.31944908723057225
CO,trd,pla,2.29453941607455
CO,trd,fof,0.20596276575156972
CO,trd,mov,0.16023780233764034
CO,trd,fpd,2.110860809958001
CO,trd,pri,0.27310121319774733
CO,trd,fmt,2.78490997631767
CO,trd,pet,4.055939293960588
CO,trd,cep,6.080923816147758
CO,trd,mot,3.296906731966732
CO,trd,alt,5.847971825122887
CO,trd,pmt,0.482484996525374
CO,trd,wpd,1.0378399879748756
CO,trd,che,8.735850591135904
CO,trd,mmf,5.756800348218342
CO,trd,min,0.16610174830014013
CT,trn,ppd,0.16805700774705698
CT,trn,fbp,0.33727710697437135
CT,trn,agr,0.5523323564951059
CT,trn,eec,0.15753128458025217
CT,trn,pub,0.0933614710801538
CT,trn,tex,0.06198869188722924
CT,trn,nmp,0.2778704127562137
CT,trn,ote,0.2223140742322962
CT,trn,mch,0.22076211574005278
CT,trn,oil,0.18360075737513054
CT,trn,pla,0.08511928496079783
CT,trn,fof,0.03012235705067031
CT,trn,mov,0.002680586187131696
CT,trn,fpd,0.2098757516378339
CT,trn,pri,0.04904373427201662
CT,trn,fmt,0.19627084891192603
CT,trn,pet,0.4206480628473077
CT,trn,cep,0.1605390336513393
CT,trn,mot,0.15229503531914443
CT,trn,alt,0.10247571398580446
CT,trn,pmt,0.22941532618207675
CT,trn,wpd,0.09518519648990151
CT,trn,che,0.5002227616396603
CT,trn,mmf,0.3410064079765688
CT,trn,min,0.22711811373792212
CT,trd,ppd,0.8003318458216425
CT,trd,fbp,7.067168257841431
CT,trd,agr,1.1923686475256876
CT,trd,eec,1.7164196668892877
CT,trd,pub,1.6795557443139577
CT,trd,tex,0.931356138543487
CT,trd,nmp,0.5169239747320407
CT,trd,ote,1.4038121707145532
CT,trd,mch,2.470343375040121
CT,trd,oil,0.06276372352027211
CT,trd,pla,1.4161460459113773
CT,trd,fof,0.06861524901915021
CT,trd,mov,0.1671240909898199
CT,trd,fpd,1.1003386620236304
CT,trd,pri,0.191403005817127
CT,trd,fmt,1.9836064735410952
CT,trd,pet,2.124717877680195
CT,trd,cep,3.5979064222824473
CT,trd,mot,2.502940327963137
CT,trd,alt,3.411506716905011
CT,trd,pmt,0.6380578345248519
CT,trd,wpd,0.4251758449029037
CT,trd,che,6.183401515215011
CT,trd,mmf,4.395821586969126
CT,trd,min,0.07411353074741682
DE,trn,ppd,0.04741490932872065
DE,trn,fbp,0.10262907230177812
DE,trn,agr,0.28514766386499857
DE,trn,eec,0.027268517178188453
DE,trn,pub,0.01951337320797109
DE,trn,tex,0.016390743305819137
DE,trn,nmp,0.08833168267453814
DE,trn,ote,0.013323863233683151
DE,trn,mch,0.03712710599679797
DE,trn,oil,0.24617266313572114
DE,trn,pla,0.02228761658232887
DE,trn,fof,0.01390815199396968
DE,trn,mov,0.00021626681245791234
DE,trn,fpd,0.06364315860225923
DE,trn,pri,0.011186157390518177
DE,trn,fmt,0.035845801428880754
DE,trn,pet,0.12528848397237485
DE,trn,cep,0.031707851064498575
DE,trn,mot,0.03858537164912322
DE,trn,alt,0.027711727810448977
DE,trn,pmt,0.014492841505265284
DE,trn,wpd,0.030623511946535738
DE,trn,che,0.15170594386122005
DE,trn,mmf,0.07654402624638651
DE,trn,min,0.06471024893890993
DE,trd,ppd,0.22580231798269276
DE,trd,fbp,2.150448124419997
DE,trd,agr,0.6155734501330637
DE,trd,eec,0.29711062977911074
DE,trd,pub,0.3510420056926114
DE,trd,tex,0.2462645835620578
DE,trd,nmp,0.16432395248554768
DE,trd,ote,0.08413413065713747
DE,trd,mch,0.4154548891966525
DE,trd,oil,0.08415386291534081
DE,trd,pla,0.37080339796545714
DE,trd,fof,0.031681163292006854
DE,trd,mov,0.013483392034474715
DE,trd,fpd,0.3336689800363942
DE,trd,pri,0.043656221938839945
DE,trd,fmt,0.3622747043576679
DE,trd,pet,0.632839433424856
DE,trd,cep,0.710617713256573
DE,trd,mot,0.6341433426746491
DE,trd,alt,0.92254781045474
DE,trd,pmt,0.04030799171465255
DE,trd,wpd,0.13678994261617003
DE,trd,che,1.8752820444710792
DE,trd,mmf,0.9867083874579772
DE,trd,min,0.02111634754919207
DC,trn,ppd,0.04931726927805753
DC,trn,fbp,0.12901475618457325
DC,trn,agr,0.11016891841391749
DC,trn,eec,0.04170988155136902
DC,trn,pub,0.06988441160529091
DC,trn,tex,0.021519993421192887
DC,trn,nmp,0.08612320203544349
DC,trn,ote,0.11497485791428698
DC,trn,mch,0.03883581936409945
DC,trn,oil,0.0951269081058902
DC,trn,pla,0.02860346067286974
DC,trn,fof,0.012866510206649558
DC,trn,mov,0.000993655013833286
DC,trn,fpd,0.043269824242640316
DC,trn,pri,0.026141644266265262
DC,trn,fmt,0.05559079556289281
DC,trn,pet,0.2527415797644009
DC,trn,cep,0.0888451062387117
DC,trn,mot,0.059573611598441295
DC,trn,alt,0.03313960982956616
DC,trn,pmt,0.008232174582733877
DC,trn,wpd,0.025387535081086265
DC,trn,che,0.15833042489324883
DC,trn,mmf,0.08410020370003339
DC,trn,min,0.10683703392148597
DC,trd,ppd,0.23486185837366236
DC,trd,fbp,2.7033230861116526
DC,trd,agr,0.23783137580811742
DC,trd,eec,0.45445995815466766
DC,trd,pub,1.257207749531896
DC,trd,tex,0.32332958422006347
DC,trd,nmp,0.16021550287137035
DC,trd,ote,0.7260138856418161
DC,trd,mch,0.4345755101990625
DC,trd,oil,0.03251903230168894
DC,trd,pla,0.47588132054823584
DC,trd,fof,0.02930842365196158
DC,trd,mov,0.061950513563623834
DC,trd,fpd,0.22685546158426081
DC,trd,pri,0.10202300790990507
DC,trd,fmt,0.5618269985541057
DC,trd,pet,1.2766124472882372
DC,trd,cep,1.9911442784616538
DC,trd,mot,0.9790811278889223
DC,trd,alt,1.1032467804502193
DC,trd,pmt,0.022895608480494215
DC,trd,wpd,0.11340173762469616
DC,trd,che,1.957169213932726
DC,trd,mmf,1.0841130320299133
DC,trd,min,0.03486322454949473
FL,trn,ppd,0.7453263111885304
FL,trn,fbp,2.0681788961363825
FL,trn,agr,3.031431867107567
FL,trn,eec,0.6298756507595072
FL,trn,pub,0.37940043339728396
FL,trn,tex,0.2787606284285787
FL,trn,nmp,1.900561367742836
FL,trn,ote,0.2931864497662163
FL,trn,mch,0.7635244028977419
FL,trn,oil,1.054053039007841
FL,trn,pla,0.41488798342661715
FL,trn,fof,0.2690748585861799
FL,trn,mov,0.006349813510737439
FL,trn,fpd,1.3030547073095327
FL,trn,pri,0.21345222843630585
FL,trn,fmt,0.7167842581951676
FL,trn,pet,2.485427901871521
FL,trn,cep,0.6559753757357906
FL,trn,mot,0.736347488178468
FL,trn,alt,0.5200424423235381
FL,trn,pmt,0.4717437615458404
FL,trn,wpd,0.7015629710967443
FL,trn,che,2.3859175952402083
FL,trn,mmf,1.5779752635788642
FL,trn,min,1.3552406348785164
FL,trd,ppd,3.549440694973927
FL,trd,fbp,43.33578515728673
FL,trd,agr,6.544219749112865
FL,trd,eec,6.862960316352522
FL,trd,pub,6.825344223213194
FL,trd,tex,4.188270708204511
FL,trd,nmp,3.5356255698145427
FL,trd,ote,1.851338957696157
FL,trd,mch,8.543890984451613
FL,trd,oil,0.36032690965877173
FL,trd,pla,6.902571814323212
FL,trd,fof,0.6129214389042147
FL,trd,mov,0.3958860998505678
FL,trd,fpd,6.83166807978257
FL,trd,pri,0.8330401166940552
FL,trd,fmt,7.244162353046673
FL,trd,pet,12.55404116459346
FL,trd,cep,14.701334395376515
FL,trd,mot,12.101732795780546
FL,trd,alt,17.312670642218702
FL,trd,pmt,1.3120300546252819
FL,trd,wpd,3.1337607105774676
FL,trd,che,29.493033114342705
FL,trd,mmf,20.341253316916816
FL,trd,min,0.44224419976964074
GA,trn,ppd,0.6262639149958238
GA,trn,fbp,1.0903550839722478
GA,trn,agr,2.875515808855348
GA,trn,eec,0.38047408267864113
GA,trn,pub,0.20875785840990474
GA,trn,tex,0.30992196949805884
GA,trn,nmp,1.040864532230578
GA,trn,ote,0.19053224754965475
GA,trn,mch,0.5182460682783496
GA,trn,oil,0.6266304245618343
GA,trn,pla,0.25392650261515143
GA,trn,fof,0.219384697761048
GA,trn,mov,0.007447547551627225
GA,trn,fpd,0.5812702106210352
GA,trn,pri,0.11249794870507329
GA,trn,fmt,0.4676219111478587
GA,trn,pet,1.246025120392377
GA,trn,cep,0.29733766129303124
GA,trn,mot,0.5340110365160752
GA,trn,alt,0.29182384095031794
GA,trn,pmt,0.42761110707387145
GA,trn,wpd,0.5404850186852631
GA,trn,che,1.2844548853124735
GA,trn,mmf,0.6463851440885703
GA,trn,min,0.8710947553142049
GA,trd,ppd,2.9824341262488847
GA,trd,fbp,22.846859985104864
GA,trd,agr,6.207629981521761
GA,trd,eec,4.145546073539389
GA,trd,pub,3.7555155912444493
GA,trd,tex,4.656457814702989
GA,trd,nmp,1.936326454555946
GA,trd,ote,1.2031244038302416
GA,trd,mch,5.79920942105619
GA,trd,oil,0.21421294377469194
GA,trd,pla,4.224624452568722
GA,trd,fof,0.4997329937542301
GA,trd,mov,0.46432553470738636
GA,trd,fpd,3.0474891970018576
GA,trd,pri,0.4390457996323086
GA,trd,fmt,4.72600926354983
GA,trd,pet,6.2937454921724125
GA,trd,cep,6.663756824873072
GA,trd,mot,8.776371180272225
GA,trd,alt,9.715072526285983
GA,trd,pmt,1.1892867906383358
GA,trd,wpd,2.4142532972682234
GA,trd,che,15.877526760343175
GA,trd,mmf,8.332376469816733
GA,trd,min,0.28425697479325807
HI,trn,ppd,0.06175236885647628
HI,trn,fbp,0.21244625516349447
HI,trn,agr,0.25528444270841716
HI,trn,eec,0.03532837484812949
HI,trn,pub,0.025885358999814746
HI,trn,tex,0.0220858544384129
HI,trn,nmp,0.14966781713816824
HI,trn,ote,0.03990159076082665
HI,trn,mch,0.04601858647540934
HI,trn,oil,0.22571829793666706
HI,trn,pla,0.034601925934647206
HI,trn,fof,0.028005085860031646
HI,trn,mov,0.0006398087274923794
HI,trn,fpd,0.07408831513791969
HI,trn,pri,0.021603791501707204
HI,trn,fmt,0.05275595419111325
HI,trn,pet,0.30066652931238874
HI,trn,cep,0.042753439964978344
HI,trn,mot,0.0636317312845213
HI,trn,alt,0.03894615506756986
HI,trn,pmt,0.008050089743081894
HI,trn,wpd,0.047624227845560675
HI,trn,che,0.15449084956425552
HI,trn,mmf,0.08803432453862121
HI,trn,min,0.13135185628700258
HI,trd,ppd,0.29408108601545696
HI,trd,fbp,4.451513013905256
HI,trd,agr,0.5511050766935857
HI,trd,eec,0.38492873050670096
HI,trd,pub,0.46567286160735843
HI,trd,tex,0.3318314273128179
HI,trd,nmp,0.2784279267343482
HI,trd,ote,0.2519603805307908
HI,trd,mch,0.5149511719759856
HI,trd,oil,0.07716155993963424
HI,trd,pla,0.5756789500268574
HI,trd,fof,0.0637923498767502
HI,trd,mov,0.03988957807170257
HI,trd,fpd,0.3884309498084379
HI,trd,pri,0.08431312769820279
HI,trd,fmt,0.5331767444399689
HI,trd,pet,1.5186841601645036
HI,trd,cep,0.9581649566842235
HI,trd,mot,1.0457755634409782
HI,trd,alt,1.2965517822988182
HI,trd,pmt,0.02238918783100395
HI,trd,wpd,0.21272920641848858
HI,trd,che,1.909707087600734
HI,trd,mmf,1.1348267221644335
HI,trd,min,0.042862938932693266
ID,trn,ppd,0.07434599269506727
ID,trn,fbp,0.19183875319149604
ID,trn,agr,0.7213846436861802
ID,trn,eec,0.05831865725587019
ID,trn,pub,0.022551045080214892
ID,trn,tex,0.022264085140830572
ID,trn,nmp,0.15397623589703666
ID,trn,ote,0.017874426085719253
ID,trn,mch,0.06299240167412308
ID,trn,oil,0.038032394464492615
ID,trn,pla,0.03619442734289775
ID,trn,fof,0.07380148887790848
ID,trn,mov,0.0002886135956488049
ID,trn,fpd,0.0980045961586009
ID,trn,pri,0.014350335730606914
ID,trn,fmt,0.06776933221717943
ID,trn,pet,0.1764389306531547
ID,trn,cep,0.08451653052823967
ID,trn,mot,0.0709847822889398
ID,trn,alt,0.03945401983676734
ID,trn,pmt,0.05231717458771531
ID,trn,wpd,0.10833443054306413
ID,trn,che,0.1866594284256708
ID,trn,mmf,0.09917776767733429
ID,trn,min,0.14070577279186497
ID,trd,ppd,0.3540552480420296
ID,trd,fbp,4.019711741899627
ID,trd,agr,1.5573167528987817
ID,trd,eec,0.6354248334054371
ID,trd,pub,0.4056891656327952
ID,trd,tex,0.33450927473498315
ID,trd,nmp,0.2864429036710913
ID,trd,ote,0.11286886343260197
ID,trd,mch,0.7048893404191242
ID,trd,oil,0.013001333573511055
ID,trd,pla,0.6021737046930998
ID,trd,fof,0.16811126462724962
ID,trd,mov,0.017993931719734044
ID,trd,fpd,0.5138194639817616
ID,trd,pri,0.0560050622998806
ID,trd,fmt,0.6849090776281143
ID,trd,pet,0.8912033202768221
ID,trd,cep,1.8941347849208707
ID,trd,mot,1.1666215769302661
ID,trd,alt,1.3134590474839785
ID,trd,pmt,0.14550633421675987
ID,trd,wpd,0.48391120401909343
ID,trd,che,2.307352405902495
ID,trd,mmf,1.2784738406833434
ID,trd,min,0.04591532329377444
IL,trn,ppd,0.6292792467438241
IL,trn,fbp,1.236280196448115
IL,trn,agr,3.6360138050340485
IL,trn,eec,0.5315217394272644
IL,trn,pub,0.26181066582322227
IL,trn,tex,0.21384353845434886
IL,trn,nmp,1.129656967952735
IL,trn,ote,0.14182450760405302
IL,trn,mch,1.1997807634009992
IL,trn,oil,2.475258443386366
IL,trn,pla,0.33519252802945404
IL,trn,fof,0.22322951064747762
IL,trn,mov,0.004120794160359676
IL,trn,fpd,0.7173339837459535
IL,trn,pri,0.1450327967526638
IL,trn,fmt,0.625187369880379
IL,trn,pet,1.497713838842481
IL,trn,cep,0.4571426723364567
IL,trn,mot,0.6360686259545106
IL,trn,alt,0.3929053230907239
IL,trn,pmt,0.9076067974021527
IL,trn,wpd,0.3962334470566984
IL,trn,che,2.108686974899971
IL,trn,mmf,0.9861073908599635
IL,trn,min,1.118458278742295
IL,trd,ppd,2.996793932221831
IL,trd,fbp,25.904515846075444
IL,trd,agr,7.849384183473222
IL,trd,eec,5.7913218276804805
IL,trd,pub,4.709925867904721
IL,trd,tex,3.212916520155661
IL,trd,nmp,2.1015075486651114
IL,trd,ote,0.8955572001803799
IL,trd,mch,13.425629893211351
IL,trd,oil,0.8461644646949842
IL,trd,pla,5.57666307237622
IL,trd,fof,0.5084910332791794
IL,trd,mov,0.25691543943348466
IL,trd,fpd,3.7608456896018834
IL,trd,pri,0.5660195670777753
IL,trd,fmt,6.318440669848742
IL,trd,pet,7.565039875609215
IL,trd,cep,10.24521276408578
IL,trd,mot,10.45366851202611
IL,trd,alt,13.080164037865773
IL,trd,pmt,2.5242673948071066
IL,trd,wpd,1.76990642288578
IL,trd,che,26.066103415548472
IL,trd,mmf,12.711644281212097
IL,trd,min,0.36497701864027615
IN,trn,ppd,0.3792917525711631
IN,trn,fbp,0.630027312790653
IN,trn,agr,1.9794946724325504
IN,trn,eec,0.2578335586686591
IN,trn,pub,0.07686718084993695
IN,trn,tex,0.11975393727718817
IN,trn,nmp,0.8340394307095701
IN,trn,ote,0.09004783612806089
IN,trn,mch,0.7528814723656551
IN,trn,oil,2.1224790105668
IN,trn,pla,0.23239448761537446
IN,trn,fof,0.14456540357812736
IN,trn,mov,0.0010837931235341451
IN,trn,fpd,0.5512245264639807
IN,trn,pri,0.051830513798184236
IN,trn,fmt,0.474028645030619
IN,trn,pet,0.6731367487304647
IN,trn,cep,0.22447626635049991
IN,trn,mot,1.3307827697345234
IN,trn,alt,0.1643931588876444
IN,trn,pmt,1.4733789586104449
IN,trn,wpd,0.33668411512585333
IN,trn,che,1.272788283772129
IN,trn,mmf,0.5349188420178247
IN,trn,min,1.269580892861919
IN,trd,ppd,1.8062874765513648
IN,trd,fbp,13.201337815274755
IN,trd,agr,4.273310005465193
IN,trd,eec,2.809287006464345
IN,trd,pub,1.3828264877584526
IN,trd,tex,1.7992566257207758
IN,trd,nmp,1.551568493130251
IN,trd,ote,0.5686110910413855
IN,trd,mch,8.42479585418972
IN,trd,oil,0.72556719101443
IN,trd,pla,3.866392144620153
IN,trd,fof,0.3293032862395615
IN,trd,mov,0.06757027304743134
IN,trd,fpd,2.8899653875719444
IN,trd,pri,0.20227897164182676
IN,trd,fmt,4.790758760862093
IN,trd,pet,3.400052943237496
IN,trd,cep,5.0308300852645065
IN,trd,mot,21.871165104935685
IN,trd,alt,5.472792956935347
IN,trd,pmt,4.097812484503958
IN,trd,wpd,1.503909834647538
IN,trd,che,15.73331244789263
IN,trd,mmf,6.895494448245241
IN,trd,min,0.41429158155140106
IA,trn,ppd,0.17454852764479498
IA,trn,fbp,0.41853882382611285
IA,trn,agr,2.17848678580103
IA,trn,eec,0.14446375265942504
IA,trn,pub,0.04623759223343164
IA,trn,tex,0.04281754761538228
IA,trn,nmp,0.31013151817419354
IA,trn,ote,0.030593534257441123
IA,trn,mch,0.7400825410015424
IA,trn,oil,0.14890912878705664
IA,trn,pla,0.08849257083182535
IA,trn,fof,0.1596249019920511
IA,trn,mov,0.0006058359601509998
IA,trn,fpd,0.21370514548086014
IA,trn,pri,0.03213678435531606
IA,trn,fmt,0.18272767663158118
IA,trn,pet,0.31809251807403316
IA,trn,cep,0.10269931024445778
IA,trn,mot,0.17695503580869085
IA,trn,alt,0.06825454588571706
IA,trn,pmt,0.3275281251454969
IA,trn,wpd,0.15034039526081958
IA,trn,che,0.43541314377833634
IA,trn,mmf,0.16302587307927546
IA,trn,min,0.3558674985567978
IA,trd,ppd,0.8312461776403082
IA,trd,fbp,8.769893447416672
IA,trd,agr,4.702891858303023
IA,trd,eec,1.5740392575225064
IA,trd,pub,0.8318058053330603
IA,trd,tex,0.6433171050215365
IA,trd,nmp,0.5769395002300449
IA,trd,ote,0.19318424118705368
IA,trd,mch,8.28157492519591
IA,trd,oil,0.05090442720636283
IA,trd,pla,1.4722680569243274
IA,trd,fof,0.3636070836494617
IA,trd,mov,0.03777150856601285
IA,trd,fpd,1.1204154458574682
IA,trd,pri,0.1254202440782328
IA,trd,fmt,1.8467327383098926
IA,trd,pet,1.6067038448565019
IA,trd,cep,2.301636552111073
IA,trd,mot,2.9082228086660225
IA,trd,alt,2.2722539096500554
IA,trd,pmt,0.9109325421025306
IA,trd,wpd,0.6715445986901655
IA,trd,che,5.382270659092763
IA,trd,mmf,2.101522538443352
IA,trd,min,0.1161272272044753
KS,trn,ppd,0.1409588928711283
KS,trn,fbp,0.3706884964219951
KS,trn,agr,1.518382544548326
KS,trn,eec,0.09625260256675561
KS,trn,pub,0.05024420442067595
KS,trn,tex,0.0389913362647297
KS,trn,nmp,0.25456651117307516
KS,trn,ote,0.09847454369641867
KS,trn,mch,0.24554094997041073
KS,trn,oil,1.0662101744265058
KS,trn,pla,0.07337075614454598
KS,trn,fof,0.09135701144468561
KS,trn,mov,0.0008801401675129971
KS,trn,fpd,0.1560137174655188
KS,trn,pri,0.030088307371207712
KS,trn,fmt,0.13761627032927767
KS,trn,pet,0.3609552339855532
KS,trn,cep,0.08547764609835676
KS,trn,mot,0.13581538905442053
KS,trn,alt,0.06380092651158721
KS,trn,pmt,0.1288588758439133
KS,trn,wpd,0.09944263997061582
KS,trn,che,0.38043465737396537
KS,trn,mmf,0.15864394736629592
KS,trn,min,0.23540588308590876
KS,trd,ppd,0.6712834676095254
KS,trd,fbp,7.767257015933651
KS,trd,agr,3.277866523261962
KS,trd,eec,1.048743178061839
KS,trd,pub,0.9038840238579928
KS,trd,tex,0.5858297582119292
KS,trd,nmp,0.4735715885832894
KS,trd,ote,0.6218219130928604
KS,trd,mch,2.7476202473738662
KS,trd,oil,0.3644828134639863
KS,trd,pla,1.2206834943160074
KS,trd,fof,0.20810071666629312
KS,trd,mov,0.05487330575131807
KS,trd,fpd,0.8179502576818664
KS,trd,pri,0.1174256519468327
KS,trd,fmt,1.3908154277777196
KS,trd,pet,1.8232059206456688
KS,trd,cep,1.9156747419246614
KS,trd,mot,2.2321004339369956
KS,trd,alt,2.1239890006445226
KS,trd,pmt,0.3583867592831186
KS,trd,wpd,0.4441931101478319
KS,trd,che,4.702665326815012
KS,trd,mmf,2.0450363165101435
KS,trd,min,0.07681800833526914
KY,trn,ppd,0.2550173688149634
KY,trn,fbp,0.5009078513295854
KY,trn,agr,1.6378298653255974
KY,trn,eec,0.1973781968769108
KY,trn,pub,0.05420059660693366
KY,trn,tex,0.06594015633011659
KY,trn,nmp,0.39109137144108674
KY,trn,ote,0.04574675276794905
KY,trn,mch,0.3181479587002909
KY,trn,oil,0.6246288925021152
KY,trn,pla,0.1201179846511328
KY,trn,fof,0.09924796739770882
KY,trn,mov,0.000846751458552408
KY,trn,fpd,0.20297976083247984
KY,trn,pri,0.039686791828131875
KY,trn,fmt,0.2128305773519987
KY,trn,pet,0.4971470635532804
KY,trn,cep,0.10701588961935686
KY,trn,mot,0.5087831898845904
KY,trn,alt,0.098273152563597
KY,trn,pmt,0.4280895331992799
KY,trn,wpd,0.16693515485985438
KY,trn,che,0.5403347801346585
KY,trn,mmf,0.24006473867506117
KY,trn,min,0.4675255631852411
KY,trd,ppd,1.2144600468398643
KY,trd,fbp,10.495820777094705
KY,trd,agr,3.535728005847446
KY,trd,eec,2.1505811993939954
KY,trd,pub,0.9750587937744079
KY,trd,tex,0.9907253646567684
KY,trd,nmp,0.7275495948037406
KY,trd,ote,0.2888699176068051
KY,trd,mch,3.56009770708684
KY,trd,oil,0.21352872217011273
KY,trd,pla,1.9984261978338733
KY,trd,fof,0.22607540260488188
KY,trd,mov,0.052791650007082164
KY,trd,fpd,1.0641842933703882
KY,trd,pri,0.15488566194840625
KY,trd,fmt,2.150966958890353
KY,trd,pet,2.511118788038483
KY,trd,cep,2.398377190833062
KY,trd,mot,8.361756254780463
KY,trd,alt,3.27159974809821
KY,trd,pmt,1.1906174059143
KY,trd,wpd,0.7456705257635918
KY,trd,che,6.6792380403809215
KY,trd,mmf,3.0946097664254055
KY,trd,min,0.1525636578785446
LA,trn,ppd,0.2129792604034239
LA,trn,fbp,0.4006950333817754
LA,trn,agr,0.8389345431156288
LA,trn,eec,0.09621455141372304
LA,trn,pub,0.05183868374686248
LA,trn,tex,0.06273941703073563
LA,trn,nmp,0.42415892778970277
LA,trn,ote,0.06751132820623265
LA,trn,mch,0.20452239439832884
LA,trn,oil,4.837410316960213
LA,trn,pla,0.08577971110269936
LA,trn,fof,0.09305455984057692
LA,trn,mov,0.00124574644987907
LA,trn,fpd,0.21298788819987752
LA,trn,pri,0.0351196050804469
LA,trn,fmt,0.17697552809791775
LA,trn,pet,0.532309140608526
LA,trn,cep,0.08893983408455552
LA,trn,mot,0.17143904662592943
LA,trn,alt,0.11321356084708249
LA,trn,pmt,0.11890802564170891
LA,trn,wpd,0.23746550054906537
LA,trn,che,0.7636922395814262
LA,trn,mmf,0.21954546107603273
LA,trn,min,0.42653187509526747
LA,trd,ppd,1.014263474552346
LA,trd,fbp,8.396001870371753
LA,trd,agr,1.8110821044144758
LA,trd,eec,1.0483285826525086
LA,trd,pub,0.9325684145440314
LA,trd,tex,0.9426354936883834
LA,trd,nmp,0.7890653657447765
LA,trd,ote,0.42630330321770565
LA,trd,mch,2.2886197677330413
LA,trd,oil,1.6536635688678722
LA,trd,pla,1.4271336836705653
LA,trd,fof,0.211967535777102
LA,trd,mov,0.07766743111610547
LA,trd,fpd,1.116655002305871
LA,trd,pri,0.1370612999863556
LA,trd,fmt,1.7885987916163375
LA,trd,pet,2.6887244882286865
LA,trd,cep,1.9932672632409858
LA,trd,mot,2.8175685614989354
LA,trd,alt,3.7689790902853213
LA,trd,pmt,0.33071111076667803
LA,trd,wpd,1.0607174072698526
LA,trd,che,9.440225662476799
LA,trd,mmf,2.8301012958836465
LA,trd,min,0.13918653479177873
ME,trn,ppd,0.07144919586679623
ME,trn,fbp,0.15611688654498432
ME,trn,agr,0.3080203162504892
ME,trn,eec,0.029404335670318943
ME,trn,pub,0.021455677756951126
ME,trn,tex,0.02226208930419608
ME,trn,nmp,0.08562253766882925
ME,trn,ote,0.03428827083393033
ME,trn,mch,0.04157450708160745
ME,trn,oil,0.06960974807014382
ME,trn,pla,0.024281957795556898
ME,trn,fof,0.03635730152806174
ME,trn,mov,0.00029233114374807654
ME,trn,fpd,0.07170108969293762
ME,trn,pri,0.011698445102785835
ME,trn,fmt,0.04453931718023052
ME,trn,pet,0.11080964783184936
ME,trn,cep,0.036624472723752265
ME,trn,mot,0.053263962191021225
ME,trn,alt,0.03096248127332711
ME,trn,pmt,0.03291692149989808
ME,trn,wpd,0.06405731369141122
ME,trn,che,0.14114157748889536
ME,trn,mmf,0.07882667731606541
ME,trn,min,0.06487941877941393
ME,trd,ppd,0.3402599366556108
ME,trd,fbp,3.2712101778896656
ME,trd,agr,0.664950665263596
ME,trd,eec,0.3203819493431369
ME,trd,pub,0.38598370835329293
ME,trd,tex,0.33447928806089033
ME,trd,nmp,0.15928411398462336
ME,trd,ote,0.21651482064573505
ME,trd,mch,0.4652216155626113
ME,trd,oil,0.02379601829889889
ME,trd,pla,0.4039836393715229
ME,trd,fof,0.08281773215209841
ME,trd,mov,0.01822570634044359
ME,trd,fpd,0.3759151806851276
ME,trd,pri,0.045655527444969736
ME,trd,fmt,0.4501355059887197
ME,trd,pet,0.5597059883602498
ME,trd,cep,0.8208061468195916
ME,trd,mot,0.8753832238564908
ME,trd,alt,1.0307682545215873
ME,trd,pmt,0.09154967979244961
ME,trd,wpd,0.2861329647393817
ME,trd,che,1.7446927869574929
ME,trd,mmf,1.0161334264393622
ME,trd,min,0.021171551310659533
MD,trn,ppd,0.22861377694622462
MD,trn,fbp,0.5461179508893008
MD,trn,agr,0.9796572249899728
MD,trn,eec,0.18724825000779885
MD,trn,pub,0.15560654802422053
MD,trn,tex,0.09502804865456649
MD,trn,nmp,0.6457459235613568
MD,trn,ote,0.15572265472932004
MD,trn,mch,0.20490787554052886
MD,trn,oil,0.5908167785546048
MD,trn,pla,0.13815431067261427
MD,trn,fof,0.06572002072002882
MD,trn,mov,0.002122645078060394
MD,trn,fpd,0.32446697033870187
MD,trn,pri,0.07598796034810894
MD,trn,fmt,0.25546171577935217
MD,trn,pet,0.8970820256800076
MD,trn,cep,0.2758839720986918
MD,trn,mot,0.19244273829798833
MD,trn,alt,0.17133129177301068
MD,trn,pmt,0.08738463446910243
MD,trn,wpd,0.22247958917378974
MD,trn,che,0.7992389283988913
MD,trn,mmf,0.4182159550579324
MD,trn,min,0.47889235441439276
MD,trd,ppd,1.088719170574625
MD,trd,fbp,11.443134940835295
MD,trd,agr,2.1148725883315374
MD,trd,eec,2.040207948283803
MD,trd,pub,2.7993332641745554
MD,trd,tex,1.4277597050966844
MD,trd,nmp,1.2012849664825809
MD,trd,ote,0.9833176721712125
MD,trd,mch,2.2929333284300135
MD,trd,oil,0.20197008700009828
MD,trd,pla,2.2985000505436677
MD,trd,fof,0.14970261389781056
MD,trd,mov,0.13233863953631952
MD,trd,fpd,1.7011186343691371
MD,trd,pri,0.2965582501502013
MD,trd,fmt,2.58181750357247
MD,trd,pet,4.5312135869736725
MD,trd,cep,6.182949357814288
MD,trd,mot,3.162760292877005
MD,trd,alt,5.703769507579193
MD,trd,pmt,0.24303716568547737
MD,trd,wpd,0.9937779275441493
MD,trd,che,9.87962879714088
MD,trd,mmf,5.391109023924528
MD,trd,min,0.15627288660273744
MA,trn,ppd,0.33369567721589527
MA,trn,fbp,0.7392150056163056
MA,trn,agr,1.147261912764397
MA,trn,eec,0.28267942829984843
MA,trn,pub,0.32718809614369604
MA,trn,tex,0.12463981176801556
MA,trn,nmp,0.7164657470427576
MA,trn,ote,0.10903543498072296
MA,trn,mch,0.39240500176326326
MA,trn,oil,0.4866943502107283
MA,trn,pla,0.17778627628441707
MA,trn,fof,0.07332428231138739
MA,trn,mov,0.0027544066874783933
MA,trn,fpd,0.4037786406589401
MA,trn,pri,0.11053831128013293
MA,trn,fmt,0.33676089668152276
MA,trn,pet,0.9259553901313371
MA,trn,cep,0.4731252146254396
MA,trn,mot,0.23057745394006865
MA,trn,alt,0.21453353887062188
MA,trn,pmt,0.28167100187572786
MA,trn,wpd,0.23161892005331217
MA,trn,che,1.1495519093161768
MA,trn,mmf,0.6637060097130113
MA,trn,min,0.5602312848956699
MA,trd,ppd,1.5891469262077076
MA,trd,fbp,15.489212624824246
MA,trd,agr,2.4766956329720995
MA,trd,eec,3.080001102331539
MA,trd,pub,5.8860538506029165
MA,trd,tex,1.8726650016784978
MA,trd,nmp,1.332845472992594
MA,trd,ote,0.6885091337274318
MA,trd,mch,4.391039165342675
MA,trd,oil,0.16637594567811037
MA,trd,pla,2.957864745849775
MA,trd,fof,0.16702424320524276
MA,trd,mov,0.17172651119032706
MA,trd,fpd,2.1169346422785438
MA,trd,pri,0.4313979216920814
MA,trd,fmt,3.4034656618453267
MA,trd,pet,4.677054633342129
MA,trd,cep,10.603404103836956
MA,trd,mot,3.789497188639561
MA,trd,alt,7.142010339736823
MA,trd,pmt,0.7833931258918365
MA,trd,wpd,1.034601741244638
MA,trd,che,14.209951171722901
MA,trd,mmf,8.555655074663775
MA,trd,min,0.1828155309826673
MI,trn,ppd,0.4779176488560371
MI,trn,fbp,0.8720154586264435
MI,trn,agr,1.824915272341307
MI,trn,eec,0.41217639360727
MI,trn,pub,0.14328338685010347
MI,trn,tex,0.1715052035635485
MI,trn,nmp,1.0243714692637051
MI,trn,ote,0.0982448123236869
MI,trn,mch,1.063619664454224
MI,trn,oil,0.6717983334061605
MI,trn,pla,0.3293847677795198
MI,trn,fof,0.13991683490479784
MI,trn,mov,0.0018678502080194661
MI,trn,fpd,0.6650185469705095
MI,trn,pri,0.08181090323545329
MI,trn,fmt,0.6213733307431832
MI,trn,pet,0.8922154816841921
MI,trn,cep,0.3546982597738499
MI,trn,mot,2.333491568584721
MI,trn,alt,0.2537997895516893
MI,trn,pmt,1.288196032047304
MI,trn,wpd,0.3855347029128072
MI,trn,che,1.3231578945448403
MI,trn,mmf,0.7637371124188929
MI,trn,min,0.733069763124318
MI,trd,ppd,2.2759700365210747
MI,trd,fbp,18.271859673002123
MI,trd,agr,3.939605799918145
MI,trd,eec,4.490966160150928
MI,trd,pub,2.5776418544459574
MI,trd,tex,2.576799401117366
MI,trd,nmp,1.9056443118269841
MI,trd,ote,0.6203712640588328
MI,trd,mch,11.901977759357836
MI,trd,oil,0.22965354534531565
MI,trd,pla,5.480038239151487
MI,trd,fof,0.31871438389813506
MI,trd,mov,0.11645317342115472
MI,trd,fpd,3.4865658013563436
MI,trd,pri,0.3192834522149042
MI,trd,fmt,6.279894177769953
MI,trd,pet,4.506632389664843
MI,trd,cep,7.9492888289358135
MI,trd,mot,38.350496060054155
MI,trd,alt,8.449218386754616
MI,trd,pmt,3.5827753286163166
MI,trd,wpd,1.7221169792692876
MI,trd,che,16.355946105249338
MI,trd,mmf,9.845129026933474
MI,trd,min,0.2392164479316214
MN,trn,ppd,0.2914217881330071
MN,trn,fbp,0.5351526818933499
MN,trn,agr,1.7585318844438498
MN,trn,eec,0.2379250382946809
MN,trn,pub,0.1317993059801493
MN,trn,tex,0.09101657334662328
MN,trn,nmp,0.5498761142731429
MN,trn,ote,0.06775754582151261
MN,trn,mch,0.46925553338076725
MN,trn,oil,1.1151469588105867
MN,trn,pla,0.1345653070826738
MN,trn,fof,0.15675180827645832
MN,trn,mov,0.0015672741697754606
MN,trn,fpd,0.3700831256242814
MN,trn,pri,0.0611351091388926
MN,trn,fmt,0.2821081110579654
MN,trn,pet,0.55889688996326
MN,trn,cep,0.31305094331153827
MN,trn,mot,0.23953441302165063
MN,trn,alt,0.14852217696860942
MN,trn,pmt,0.3280685839976204
MN,trn,wpd,0.2833260914563651
MN,trn,che,0.6725527530091759
MN,trn,mmf,0.4684994981730864
MN,trn,min,0.4815442325957925
MN,trd,ppd,1.3878275041060741
MN,trd,fbp,11.21337312366943
MN,trd,agr,3.7962981165737504
MN,trd,eec,2.59236897650215
MN,trd,pub,2.371045345520578
MN,trd,tex,1.3674888389286204
MN,trd,nmp,1.0229377924077905
MN,trd,ote,0.42785805536809435
MN,trd,mch,5.25100194026533
MN,trd,oil,0.3812118011270278
MN,trd,pla,2.238789102020114
MN,trd,fof,0.3570625081230798
MN,trd,mov,0.09771343007471822
MN,trd,fpd,1.940275463502077
MN,trd,pri,0.2385920204452858
MN,trd,fmt,2.8511186375116755
MN,trd,pet,2.8230207595556025
MN,trd,cep,7.0159136617723465
MN,trd,mot,3.936703130410593
MN,trd,alt,4.944433999337195
MN,trd,pmt,0.9124356849420898
MN,trd,wpd,1.265568751867605
MN,trd,che,8.313623511228172
MN,trd,mmf,6.039300609550318
MN,trd,min,0.15713825155272276
MS,trn,ppd,0.12043102886150663
MS,trn,fbp,0.264490475744746
MS,trn,agr,0.6353751002768703
MS,trn,eec,0.0763081258449349
MS,trn,pub,0.028569409623226884
MS,trn,tex,0.05371853086576909
MS,trn,nmp,0.18104382897990418
MS,trn,ote,0.05012503454948205
MS,trn,mch,0.17562777518965492
MS,trn,oil,1.0220478258721781
MS,trn,pla,0.05399867449163201
MS,trn,fof,0.0843362207674862
MS,trn,mov,0.0005053045137235989
MS,trn,fpd,0.22947958528995543
MS,trn,pri,0.019575285739748628
MS,trn,fmt,0.09972329285889295
MS,trn,pet,0.28977624942687874
MS,trn,cep,0.05068143305895402
MS,trn,mot,0.16888392184292647
MS,trn,alt,0.07131641850941399
MS,trn,pmt,0.1584747297828975
MS,trn,wpd,0.16287644633047885
MS,trn,che,0.2970928612354367
MS,trn,mmf,0.13854409247847901
MS,trn,min,0.20954995030834814
MS,trd,ppd,0.5735243588770669
MS,trd,fbp,5.542026588916046
MS,trd,agr,1.371640354000052
MS,trd,eec,0.831433377139667
MS,trd,pub,0.5139584401273353
MS,trd,tex,0.8071001654041856
MS,trd,nmp,0.33679690740988083
MS,trd,ote,0.3165167738526744
MS,trd,mch,1.9652869762476393
MS,trd,oil,0.34938596160837865
MS,trd,pla,0.8983864162040236
MS,trd,fof,0.19210816668698644
MS,trd,mov,0.03150376508485698
MS,trd,fpd,1.2031178345720264
MS,trd,pri,0.07639647726528975
MS,trd,fmt,1.0078509894584498
MS,trd,pet,1.463676721858331
MS,trd,cep,1.1358424761003123
MS,trd,mot,2.775575565148435
MS,trd,alt,2.374186344329131
MS,trd,pmt,0.44075539587941615
MS,trd,wpd,0.7275409752470371
MS,trd,che,3.6724527334605637
MS,trd,mmf,1.7859345109602507
MS,trd,min,0.06838066074825931
MO,trn,ppd,0.2718798885119134
MO,trn,fbp,0.5878546504574796
MO,trn,agr,1.7367400752101907
MO,trn,eec,0.20062524892924374
MO,trn,pub,0.091817909328319
MO,trn,tex,0.08664639635917916
MO,trn,nmp,0.5179804429450198
MO,trn,ote,0.12061529839172844
MO,trn,mch,0.34919486888759405
MO,trn,oil,0.35675888842835085
MO,trn,pla,0.13407762457602448
MO,trn,fof,0.10513350014668424
MO,trn,mov,0.0014413675743058633
MO,trn,fpd,0.3118038255735768
MO,trn,pri,0.05640937955925086
MO,trn,fmt,0.2560081314979003
MO,trn,pet,0.5819745624539632
MO,trn,cep,0.16834725416600235
MO,trn,mot,0.38914927561543405
MO,trn,alt,0.14677492611771223
MO,trn,pmt,0.30093432636478734
MO,trn,wpd,0.21079350183697415
MO,trn,che,0.6936816021075807
MO,trn,mmf,0.3387415443726365
MO,trn,min,0.45368608230652324
MO,trd,ppd,1.2947638181326155
MO,trd,fbp,12.31766888421886
MO,trd,agr,3.7492542130299493
MO,trd,eec,2.1859602291333116
MO,trd,pub,1.6517873514533556
MO,trd,tex,1.3018286186551855
MO,trd,nmp,0.9636020861116854
MO,trd,ote,0.761630699456985
MO,trd,mch,3.9075147837875366
MO,trd,oil,0.12195764634547002
MO,trd,pla,2.2306754336103087
MO,trd,fof,0.23948196619158915
MO,trd,mov,0.08986364504691614
MO,trd,fpd,1.634728174017559
MO,trd,pri,0.22014891329513475
MO,trd,fmt,2.587339840499046
MO,trd,pet,2.939587428101142
MO,trd,cep,3.7728996690794663
MO,trd,mot,6.395595322555282
MO,trd,alt,4.88626648059437
MO,trd,pmt,0.8369689497645796
MO,trd,wpd,0.9415781922883963
MO,trd,che,8.57480346453853
MO,trd,mmf,4.366625841408855
MO,trd,min,0.148047537280534
MT,trn,ppd,0.029121754879860958
MT,trn,fbp,0.10974834317596874
MT,trn,agr,0.20306018993820651
MT,trn,eec,0.028262272443107073
MT,trn,pub,0.016846327978615603
MT,trn,tex,0.012663812862233961
MT,trn,nmp,0.09579682341330553
MT,trn,ote,0.011889112376027118
MT,trn,mch,0.032208158871243044
MT,trn,oil,0.4879303160702843
MT,trn,pla,0.018764984998371044
MT,trn,fof,0.02712310349510368
MT,trn,mov,0.00025979100036277984
MT,trn,fpd,0.05782452082155903
MT,trn,pri,0.008901696437762145
MT,trn,fmt,0.03429139950703434
MT,trn,pet,0.12547463764688807
MT,trn,cep,0.02427027676781834
MT,trn,mot,0.04186638759473845
MT,trn,alt,0.023875449016293217
MT,trn,pmt,0.017958583268648246
MT,trn,wpd,0.05335575663204876
MT,trn,che,0.114465654801159
MT,trn,mmf,0.06739136051948522
MT,trn,min,0.13157946655739566
MT,trd,ppd,0.1386854862466912
MT,trd,fbp,2.2996224505176115
MT,trd,agr,0.43836396907714736
MT,trd,eec,0.30793832718109665
MT,trd,pub,0.30306235109330254
MT,trd,tex,0.19026889401157768
MT,trd,nmp,0.17821139801938826
MT,trd,ote,0.07507433215865769
MT,trd,mch,0.360411529954274
MT,trd,oil,0.16679845929188142
MT,trd,pla,0.3121966933729325
MT,trd,fof,0.06178329595383734
MT,trd,mov,0.016196955349316092
MT,trd,fpd,0.30316296845357904
MT,trd,pri,0.034740655057162874
MT,trd,fmt,0.3465651798319811
MT,trd,pet,0.633779706482473
MT,trd,cep,0.5439311715501758
MT,trd,mot,0.6880662240723341
MT,trd,alt,0.7948347127348686
MT,trd,pmt,0.049947032494392904
MT,trd,wpd,0.2383309563149541
MT,trd,che,1.4149438162660526
MT,trd,mmf,0.8687238433570061
MT,trd,min,0.042937213064754225
NE,trn,ppd,0.10603565272107775
NE,trn,fbp,0.28447676039761205
NE,trn,agr,1.7010793222801237
NE,trn,eec,0.06553987312563596
NE,trn,pub,0.03934131113062582
NE,trn,tex,0.02600494463810747
NE,trn,nmp,0.19291959088289354
NE,trn,ote,0.02579962947580219
NE,trn,mch,0.14646233922759755
NE,trn,oil,0.07114099555624143
NE,trn,pla,0.05436734404840515
NE,trn,fof,0.11418958249280223
NE,trn,mov,0.000366188113644719
NE,trn,fpd,0.09344601896161439
NE,trn,pri,0.021713209688497735
NE,trn,fmt,0.09679794708281997
NE,trn,pet,0.27681961392880217
NE,trn,cep,0.05650666803581785
NE,trn,mot,0.12338880615853916
NE,trn,alt,0.045044425705842855
NE,trn,pmt,0.0943773684188726
NE,trn,wpd,0.09588310089473481
NE,trn,che,0.30822043474011473
NE,trn,mmf,0.16365141291914567
NE,trn,min,0.17617994298909773
NE,trd,ppd,0.5049697766420512
NE,trd,fbp,5.9608111241547554
NE,trd,agr,3.672270195633626
NE,trd,eec,0.7141053124654851
NE,trd,pub,0.7077429729182068
NE,trd,tex,0.39071424293395435
NE,trd,nmp,0.3588894576205089
NE,trd,ote,0.16291291490710116
NE,trd,mch,1.6389237265229333
NE,trd,oil,0.024319473622463693
NE,trd,pla,0.9045200430937776
NE,trd,fof,0.2601106754347454
NE,trd,mov,0.022830400275111115
NE,trd,fpd,0.48991971046321675
NE,trd,pri,0.08474015410949948
NE,trd,fmt,0.9782860548238195
NE,trd,pet,1.398232000941259
NE,trd,cep,1.2663942170562283
NE,trd,mot,2.027871875837908
NE,trd,alt,1.4995685794967852
NE,trd,pmt,0.2624855990384334
NE,trd,wpd,0.4282932634294068
NE,trd,che,3.8100039609256138
NE,trd,mmf,2.1095862037214532
NE,trd,min,0.057491308847641434
NV,trn,ppd,0.12381385954717043
NV,trn,fbp,0.39508507768371187
NV,trn,agr,0.44922025555318823
NV,trn,eec,0.15421667821667737
NV,trn,pub,0.044574541762701446
NV,trn,tex,0.04574914351098264
NV,trn,nmp,0.39166504507245664
NV,trn,ote,0.025760984969629093
NV,trn,mch,0.09980517088015205
NV,trn,oil,0.12145510662299751
NV,trn,pla,0.0748479761082681
NV,trn,fof,0.06096551055060197
NV,trn,mov,0.0012704044154729834
NV,trn,fpd,0.18813812212720263
NV,trn,pri,0.031745966161014695
NV,trn,fmt,0.13667180917734184
NV,trn,pet,0.3710785310072845
NV,trn,cep,0.07382254451430666
NV,trn,mot,0.09894513667541105
NV,trn,alt,0.08279771896277317
NV,trn,pmt,0.0791196972134134
NV,trn,wpd,0.12752539365119303
NV,trn,che,0.29994387063968814
NV,trn,mmf,0.24565199787085837
NV,trn,min,0.41709657016770363
NV,trd,ppd,0.5896342918281182
NV,trd,fbp,8.27845312479305
NV,trd,agr,0.9697714469491612
NV,trd,eec,1.6803045830467647
NV,trd,pub,0.8018878323311043
NV,trd,tex,0.6873632003652389
NV,trd,nmp,0.7286168032581609
NV,trd,ote,0.1626688924434565
NV,trd,mch,1.1168267791419737
NV,trd,oil,0.04151929894622291
NV,trd,pla,1.2452602892400941
NV,trd,fof,0.13887238906877297
NV,trd,mov,0.07920475907270087
NV,trd,fpd,0.986372403489066
NV,trd,pri,0.12389499771949487
NV,trd,fmt,1.381270254536895
NV,trd,pet,1.8743392838128416
NV,trd,cep,1.654467458637527
NV,trd,mot,1.6261447546319268
NV,trd,alt,2.756408942171828
NV,trd,pmt,0.22005043652657472
NV,trd,wpd,0.5696339240942139
NV,trd,che,3.707694903993458
NV,trd,mmf,3.1666336170345843
NV,trd,min,0.13610759163594052
NH,trn,ppd,0.05520923546110077
NH,trn,fbp,0.14843690590479816
NH,trn,agr,0.23182053898895658
NH,trn,eec,0.061662195118005886
NH,trn,pub,0.041114681140525085
NH,trn,tex,0.026626408735690412
NH,trn,nmp,0.11007424027554256
NH,trn,ote,0.01823971479154201
NH,trn,mch,0.10513408209110668
NH,trn,oil,0.08129642814141431
NH,trn,pla,0.03134030538130681
NH,trn,fof,0.017538707503962768
NH,trn,mov,0.00041795778140965643
NH,trn,fpd,0.07651146364880008
NH,trn,pri,0.01672967214209556
NH,trn,fmt,0.06376366143217985
NH,trn,pet,0.147217790980762
NH,trn,cep,0.08208134753220704
NH,trn,mot,0.06431086757825419
NH,trn,alt,0.04353977641738543
NH,trn,pmt,0.09119310041552349
NH,trn,wpd,0.045342757195285445
NH,trn,che,0.17111533365604792
NH,trn,mmf,0.11180371691370497
NH,trn,min,0.09440345692551866
NH,trd,ppd,0.262920957092658
NH,trd,fbp,3.1102869658517833
NH,trd,agr,0.5004514750809956
NH,trd,eec,0.6718551472878524
NH,trd,pub,0.7396455741996636
NH,trd,tex,0.40005150081997704
NH,trd,nmp,0.20477176117618423
NH,trd,ote,0.1151754953128793
NH,trd,mch,1.1764576649125182
NH,trd,oil,0.027791097444266572
NH,trd,pla,0.5214147365527481
NH,trd,fof,0.039951149268767604
NH,trd,mov,0.0260580370911159
NH,trd,fpd,0.40113505673617716
NH,trd,pri,0.06529089968092423
NH,trd,fmt,0.644425865046886
NH,trd,pet,0.7436056410010238
NH,trd,cep,1.8395588955462823
NH,trd,mot,1.0569370409914796
NH,trd,alt,1.4494774803035664
NH,trd,pmt,0.25362940280875684
NH,trd,wpd,0.20253827077804096
NH,trd,che,2.115207252738975
NH,trd,mmf,1.4412315452629834
NH,trd,min,0.030805880659899306
NJ,trn,ppd,0.4057901634492739
NJ,trn,fbp,0.8504715750282933
NJ,trn,agr,1.556445266007266
NJ,trn,eec,0.2540888035260512
NJ,trn,pub,0.21444311055664095
NJ,trn,tex,0.16210197674881804
NJ,trn,nmp,0.7584577743485255
NJ,trn,ote,0.08636251689901164
NJ,trn,mch,0.34107540816826265
NJ,trn,oil,1.5806919038199125
NJ,trn,pla,0.20626426003450213
NJ,trn,fof,0.07619801943332054
NJ,trn,mov,0.003838907484853078
NJ,trn,fpd,0.5513846117864748
NJ,trn,pri,0.11118182678515412
NJ,trn,fmt,0.3197153319013609
NJ,trn,pet,1.0980935910145528
NJ,trn,cep,0.3218677376186262
NJ,trn,mot,0.27760305284448533
NJ,trn,alt,0.31582682889736924
NJ,trn,pmt,0.20760203812090952
NJ,trn,wpd,0.2473587022767851
NJ,trn,che,1.5018669223938823
NJ,trn,mmf,0.7943132164516246
NJ,trn,min,0.6335765901838569
NJ,trd,ppd,1.9324799059758977
NJ,trd,fbp,17.820437838649617
NJ,trd,agr,3.3600358822963274
NJ,trd,eec,2.7684851340516143
NJ,trd,pub,3.857792234815395
NJ,trd,tex,2.4355195523354594
NJ,trd,nmp,1.410963490116634
NJ,trd,ote,0.5453399778445579
NJ,trd,mch,3.8166574556193424
NJ,trd,oil,0.5403578451442921
NJ,trd,pla,3.431658482507516
NJ,trd,fof,0.17357028433692873
NJ,trd,mov,0.2393409049408663
NJ,trd,fpd,2.890804684480654
NJ,trd,pri,0.43390936996940516
NJ,trd,fmt,3.231195083557536
NJ,trd,pet,5.546534716936466
NJ,trd,cep,7.2135104713452085
NJ,trd,mot,4.56235408248269
NJ,trd,alt,10.514153122284553
NJ,trd,pmt,0.5773899638302455
NJ,trd,wpd,1.104908631940218
NJ,trd,che,18.56502125801175
NJ,trd,mmf,10.23927733326598
NJ,trd,min,0.20674968334590565
NM,trn,ppd,0.07003628664018632
NM,trn,fbp,0.19800620509219338
NM,trn,agr,0.3615752369673595
NM,trn,eec,0.04077100600098227
NM,trn,pub,0.026540569337059464
NM,trn,tex,0.02344024068960893
NM,trn,nmp,0.15417576959756515
NM,trn,ote,0.03703591137554091
NM,trn,mch,0.06826051623558847
NM,trn,oil,0.44217917422062464
NM,trn,pla,0.03743294326706337
NM,trn,fof,0.02683688122113588
NM,trn,mov,0.0008562325036829923
NM,trn,fpd,0.08336895812034148
NM,trn,pri,0.021587537343182993
NM,trn,fmt,0.06705253991488683
NM,trn,pet,0.32165350264237996
NM,trn,cep,0.05649747586961255
NM,trn,mot,0.07164510600621112
NM,trn,alt,0.04294935751873474
NM,trn,pmt,0.03177192264123844
NM,trn,wpd,0.04883341224325017
NM,trn,che,0.23684836070390305
NM,trn,mmf,0.13344866475425063
NM,trn,min,0.1862879514573065
NM,trd,ppd,0.333531289844208
NM,trd,fbp,4.148942037710022
NM,trd,agr,0.7805644033193093
NM,trd,eec,0.44423021576578775
NM,trd,pub,0.4774599754233829
NM,trd,tex,0.3521805573009955
NM,trd,nmp,0.28681409739606223
NM,trd,ote,0.2338649198078389
NM,trd,mch,0.7638399074683749
NM,trd,oil,0.15115848013906258
NM,trd,pla,0.6227791342336932
NM,trd,fof,0.06113131468390909
NM,trd,mov,0.05338275618254815
NM,trd,fpd,0.43708759643057254
NM,trd,pri,0.08424969258575181
NM,trd,fmt,0.677664833977596
NM,trd,pet,1.6246905854189
NM,trd,cep,1.2661882076323983
NM,trd,mot,1.1774738733167205
NM,trd,alt,1.4298219154854135
NM,trd,pmt,0.08836516939182375
NM,trd,wpd,0.21813042443231684
NM,trd,che,2.9277526429468863
NM,trd,mmf,1.7202507271336922
NM,trd,min,0.06078976965323
NY,trn,ppd,0.7796607967131058
NY,trn,fbp,1.7984989705045897
NY,trn,agr,3.2637256108976906
NY,trn,eec,0.5392670689873578
NY,trn,pub,0.6352984726743581
NY,trn,tex,0.32446068765660413
NY,trn,nmp,1.6946906273007318
NY,trn,ote,0.21124932705094587
NY,trn,mch,0.7455888818722595
NY,trn,oil,0.8560009653129831
NY,trn,pla,0.40963134551186137
NY,trn,fof,0.18572634635460117
NY,trn,mov,0.025379376586479412
NY,trn,fpd,1.0225782973434003
NY,trn,pri,0.28699805111948773
NY,trn,fmt,0.7033636453155004
NY,trn,pet,2.043717231678266
NY,trn,cep,0.6915214674748911
NY,trn,mot,0.6125674065027309
NY,trn,alt,0.6304656477226056
NY,trn,pmt,0.4596819297230554
NY,trn,wpd,0.5659834881232199
NY,trn,che,2.3519730901797855
NY,trn,mmf,1.3246606865308566
NY,trn,min,1.3530749216825242
NY,trd,ppd,3.7129505809560612
NY,trd,fbp,37.68502093169444
NY,trd,agr,7.04569277319807
NY,trd,eec,5.875712912403151
NY,trd,pub,11.428903023796959
NY,trd,tex,4.874896436188152
NY,trd,nmp,3.152643011956803
NY,trd,ote,1.3339433294695815
NY,trd,mch,8.343191261155953
NY,trd,oil,0.2926230190337302
NY,trd,pla,6.81511611023456
NY,trd,fof,0.4230631581420126
NY,trd,mov,1.5823051175393177
NY,trd,fpd,5.361183589492883
NY,trd,pri,1.1200674349805921
NY,trd,fmt,7.108527261363025
NY,trd,pet,10.322934829836887
NY,trd,cep,15.49797250167599
NY,trd,mot,10.067430380238655
NY,trd,alt,20.98875634359068
NY,trd,pmt,1.2784832710632235
NY,trd,wpd,2.528150559519127
NY,trd,che,29.073435047001983
NY,trd,mmf,17.075843459404407
NY,trd,min,0.4415374809223432
NC,trn,ppd,0.563402897883057
NC,trn,fbp,1.2108228984610527
NC,trn,agr,4.031939718111789
NC,trn,eec,0.42883305894105483
NC,trn,pub,0.23882472718057635
NC,trn,tex,0.23917875768731758
NC,trn,nmp,0.9477588289071777
NC,trn,ote,0.15180788970537834
NC,trn,mch,0.6896452219281319
NC,trn,oil,0.45674736678476985
NC,trn,pla,0.26645484014555054
NC,trn,fof,0.2306127617372997
NC,trn,mov,0.0025663806520104682
NC,trn,fpd,0.7989002270014084
NC,trn,pri,0.1084661107502998
NC,trn,fmt,0.46889905433149326
NC,trn,pet,1.2586919379103334
NC,trn,cep,0.41390657778602774
NC,trn,mot,0.5163242108745862
NC,trn,alt,0.2808284752967195
NC,trn,pmt,0.4817707110407881
NC,trn,wpd,0.4705360044611931
NC,trn,che,1.4836679475699173
NC,trn,mmf,0.6416317064797715
NC,trn,min,0.8377625176228732
NC,trd,ppd,2.6830733645018485
NC,trd,fbp,25.371093907425315
NC,trd,agr,8.704104425634268
NC,trd,eec,4.672452828274533
NC,trd,pub,4.296413046833602
NC,trd,tex,3.5935683977093418
NC,trd,nmp,1.7631213631798472
NC,trd,ote,0.9585977132344038
NC,trd,mch,7.717177829208221
NC,trd,oil,0.1561386012636062
NC,trd,pla,4.433060832922352
NC,trd,fof,0.5253092261997026
NC,trd,mov,0.16000382142536157
NC,trd,fpd,4.188481994747209
NC,trd,pri,0.4233107436671362
NC,trd,fmt,4.7389166795045705
NC,trd,pet,6.357726325583464
NC,trd,cep,9.276230836642231
NC,trd,mot,8.485691519710958
NC,trd,alt,9.34902712564331
NC,trd,pmt,1.3399173531249415
NC,trd,wpd,2.1018031230859444
NC,trd,che,18.340058347221756
NC,trd,mmf,8.271101188284474
NC,trd,min,0.27337994793547366
ND,trn,ppd,0.030378375350826402
ND,trn,fbp,0.09276790834531677
ND,trn,agr,0.44725040920363823
ND,trn,eec,0.031251041933085394
ND,trn,pub,0.016759458339339308
ND,trn,tex,0.012618077913866913
ND,trn,nmp,0.09729233748886633
ND,trn,ote,0.010142302140459426
ND,trn,mch,0.15176761959320936
ND,trn,oil,0.34303113844242467
ND,trn,pla,0.02087132484699307
ND,trn,fof,0.047911022187342396
ND,trn,mov,0.00017665804874819683
ND,trn,fpd,0.0467357349910092
ND,trn,pri,0.008846232292460638
ND,trn,fmt,0.04833727351542907
ND,trn,pet,0.13310980289605923
ND,trn,cep,0.02439471981859764
ND,trn,mot,0.04031075487605026
ND,trn,alt,0.02166230409763624
ND,trn,pmt,0.05109996045170309
ND,trn,wpd,0.044659301953499285
ND,trn,che,0.11362153857731959
ND,trn,mmf,0.04695826097498417
ND,trn,min,0.0991502930472778
ND,trd,ppd,0.1446698447361553
ND,trd,fbp,1.9438212782529096
ND,trd,agr,0.9655189656305746
ND,trd,eec,0.3405031776872452
ND,trd,pub,0.30149958221268236
ND,trd,tex,0.189581744087764
ND,trd,nmp,0.18099351171238098
ND,trd,ote,0.06404402075310815
ND,trd,mch,1.698290181496357
ND,trd,oil,0.11726482962188935
ND,trd,pla,0.34724027778914834
ND,trd,fof,0.10913577289508207
ND,trd,mov,0.0110139401429465
ND,trd,fpd,0.24502657266208794
ND,trd,pri,0.03452419511006941
ND,trd,fmt,0.4885194576274416
ND,trd,pet,0.6723453710766428
ND,trd,cep,0.5467201160294334
ND,trd,mot,0.6624996922484686
ND,trd,alt,0.7211571704000247
ND,trd,pmt,0.14212097619076383
ND,trd,wpd,0.19948539416911806
ND,trd,che,1.404509445945923
ND,trd,mmf,0.6053262708615988
ND,trd,min,0.03235487549378958
OH,trn,ppd,0.5571791385881605
OH,trn,fbp,1.1147600177131383
OH,trn,agr,2.8805304644632996
OH,trn,eec,0.5118285798244134
OH,trn,pub,0.1817217141020265
OH,trn,tex,0.1725526217825687
OH,trn,nmp,1.1218366689727046
OH,trn,ote,0.1658193628364745
OH,trn,mch,0.9328042567771082
OH,trn,oil,3.824747557074056
OH,trn,pla,0.29121742680057006
OH,trn,fof,0.175292168237592
OH,trn,mov,0.0023607695727805348
OH,trn,fpd,0.636926218003371
OH,trn,pri,0.10919556597082085
OH,trn,fmt,0.5971116029825403
OH,trn,pet,1.184251750296856
OH,trn,cep,0.32564250613555856
OH,trn,mot,0.8740066480645873
OH,trn,alt,0.27293494312388084
OH,trn,pmt,1.1773031831358796
OH,trn,wpd,0.39514926142619605
OH,trn,che,1.6812216847319141
OH,trn,mmf,0.7028131410671531
OH,trn,min,1.2742931884978221
OH,trd,ppd,2.6534341793752687
OH,trd,fbp,23.35823110843892
OH,trd,agr,6.218455561545721
OH,trd,eec,5.576750312342502
OH,trd,pub,3.2691403129734677
OH,trd,tex,2.5925364550574845
OH,trd,nmp,2.086959400151376
OH,trd,ote,1.0470737873605973
OH,trd,mch,10.43814428129471
OH,trd,oil,1.3074858820792026
OH,trd,pla,4.845040787807949
OH,trd,fof,0.39929530595818685
OH,trd,mov,0.1471847727864117
OH,trd,fpd,3.3392830617944633
OH,trd,pri,0.42615758891432587
OH,trd,fmt,6.034693627040696
OH,trd,pet,5.981724600127674
OH,trd,cep,7.298108363713219
OH,trd,mot,14.36413525736086
OH,trd,alt,9.086244491784568
OH,trd,pmt,3.274356304402742
OH,trd,wpd,1.7650635527916967
OH,trd,che,20.78207852579139
OH,trd,mmf,9.059774552156954
OH,trd,min,0.4158293050810417
OK,trn,ppd,0.1503338281617279
OK,trn,fbp,0.2952473159354981
OK,trn,agr,0.7417537848513208
OK,trn,eec,0.09248045020858178
OK,trn,pub,0.05676761541101558
OK,trn,tex,0.05444270545233137
OK,trn,nmp,0.3022194359781199
OK,trn,ote,0.05824841951456161
OK,trn,mch,0.26841270027957137
OK,trn,oil,0.9536115120547531
OK,trn,pla,0.06968789399354054
OK,trn,fof,0.05847041113474451
OK,trn,mov,0.0007981995847317958
OK,trn,fpd,0.16728518870677417
OK,trn,pri,0.03013039311511841
OK,trn,fmt,0.1662505766821207
OK,trn,pet,0.42009613400016305
OK,trn,cep,0.07974036728084133
OK,trn,mot,0.17918868311294092
OK,trn,alt,0.10497208300008345
OK,trn,pmt,0.18241679937950842
OK,trn,wpd,0.10156421520081173
OK,trn,che,0.4109611354424125
OK,trn,mmf,0.19806992930517675
OK,trn,min,0.2767490721759793
OK,trd,ppd,0.7159293848858637
OK,trd,fbp,6.186492994174027
OK,trd,agr,1.6012894172135397
OK,trd,eec,1.007642792755364
OK,trd,pub,1.0212389913256679
OK,trd,tex,0.8179806086921158
OK,trd,nmp,0.5622206068558545
OK,trd,ote,0.36781225175148957
OK,trd,mch,3.003556718459045
OK,trd,oil,0.3259910805599998
OK,trd,pla,1.1594110027157192
OK,trd,fof,0.13318884088366217
OK,trd,mov,0.0497646300899182
OK,trd,fpd,0.8770444383475904
OK,trd,pri,0.1175899000002513
OK,trd,fmt,1.6802073357545695
OK,trd,pet,2.121930052910962
OK,trd,cep,1.7870942226922184
OK,trd,mot,2.9449323829770826
OK,trd,alt,3.494613038674734
OK,trd,pmt,0.507343907358081
OK,trd,wpd,0.4536698205428072
OK,trd,che,5.080012151505462
OK,trd,mmf,2.553266010851535
OK,trd,min,0.09030918112371063
OR,trn,ppd,0.1712375343717796
OR,trn,fbp,0.4410014296347424
OR,trn,agr,1.024711799756816
OR,trn,eec,0.1445184254928971
OR,trn,pub,0.10525724793751154
OR,trn,tex,0.06510710586313646
OR,trn,nmp,0.36922241177611814
OR,trn,ote,0.053872391672611604
OR,trn,mch,0.23843961616788942
OR,trn,oil,0.14064999857107321
OR,trn,pla,0.08409342151713106
OR,trn,fof,0.1839435653191083
OR,trn,mov,0.001078688767316776
OR,trn,fpd,0.2714345844160822
OR,trn,pri,0.03702198210832613
OR,trn,fmt,0.16982041051111274
OR,trn,pet,0.37335049971932877
OR,trn,cep,0.3639765809130508
OR,trn,mot,0.1818139355914694
OR,trn,alt,0.12407498861096915
OR,trn,pmt,0.2085224476572102
OR,trn,wpd,0.39366529293384134
OR,trn,che,0.42003929591744216
OR,trn,mmf,0.25396678404088247
OR,trn,min,0.305063197173045
OR,trd,ppd,0.815478353416734
OR,trd,fbp,9.24056581585351
OR,trd,agr,2.2121358787179335
OR,trd,eec,1.5746349584137043
OR,trd,pub,1.893558588556837
OR,trd,tex,0.9782091033433352
OR,trd,nmp,0.686866639604807
OR,trd,ote,0.3401796281079851
OR,trd,mch,2.668155829966019
OR,trd,oil,0.04808105233141732
OR,trd,pla,1.3990785569156365
OR,trd,fof,0.419002188925985
OR,trd,mov,0.06725203635091652
OR,trd,fpd,1.4230799180589637
OR,trd,pri,0.14448570774686534
OR,trd,fmt,1.7162857729341638
OR,trd,pet,1.8858151301708048
OR,trd,cep,8.157229106483706
OR,trd,mot,2.9880779148443852
OR,trd,alt,4.130565580688412
OR,trd,pmt,0.579949838644982
OR,trd,wpd,1.758434921651421
OR,trd,che,5.192229978324587
OR,trd,mmf,3.2738172818639435
OR,trd,min,0.09954868976095521
PA,trn,ppd,0.6090796140443315
PA,trn,fbp,1.1503939978990856
PA,trn,agr,2.665918335065738
PA,trn,eec,0.48463333376491424
PA,trn,pub,0.28757415339112596
PA,trn,tex,0.1895121988199564
PA,trn,nmp,1.1051549618526828
PA,trn,ote,0.14146833536052358
PA,trn,mch,0.6841372483389163
PA,trn,oil,2.28785681001684
PA,trn,pla,0.2737978115200038
PA,trn,fof,0.18661682616287134
PA,trn,mov,0.005457905236700001
PA,trn,fpd,0.7249353199016291
PA,trn,pri,0.12029074397913747
PA,trn,fmt,0.548281815076382
PA,trn,pet,1.219698696577716
PA,trn,cep,0.39132346660644374
PA,trn,mot,0.45620438461771146
PA,trn,alt,0.3275088087001392
PA,trn,pmt,0.8770689734123059
PA,trn,wpd,0.46159007465852153
PA,trn,che,1.7364997081003137
PA,trn,mmf,0.841542414169864
PA,trn,min,1.2538344933671828
PA,trd,ppd,2.9005979476566632
PA,trd,fbp,24.104891135055592
PA,trd,agr,5.755153400332129
PA,trd,eec,5.280438025505038
PA,trd,pub,5.173406284800511
PA,trd,tex,2.847347545596505
PA,trd,nmp,2.055926321586934
PA,trd,ote,0.8933081346092326
PA,trd,mch,7.655543223015025
PA,trd,oil,0.7821014157609303
PA,trd,pla,4.555227271256058
PA,trd,fof,0.4250915682590629
PA,trd,mov,0.34027909856839533
PA,trd,fpd,3.8006980498190903
PA,trd,pri,0.46945874557358946
PA,trd,fmt,5.5411965849213205
PA,trd,pet,6.160769191376513
PA,trd,cep,8.770111428171093
PA,trd,mot,7.497633456405508
PA,trd,alt,10.90305651230552
PA,trd,pmt,2.439334543239037
PA,trd,wpd,2.0618431986170536
PA,trd,che,21.465386523080163
PA,trd,mmf,10.848096176574447
PA,trd,min,0.4091531923498206
RI,trn,ppd,0.04069544026236344
RI,trn,fbp,0.10432025634235038
RI,trn,agr,0.1362550905152072
RI,trn,eec,0.027071642718852287
RI,trn,pub,0.02033180481334669
RI,trn,tex,0.01760961663927329
RI,trn,nmp,0.07804004471538627
RI,trn,ote,0.022680880045816525
RI,trn,mch,0.04148491701800101
RI,trn,oil,0.06012113166971611
RI,trn,pla,0.021435450974280266
RI,trn,fof,0.009144979358847602
RI,trn,mov,0.0003105931755990409
RI,trn,fpd,0.05343479332100383
RI,trn,pri,0.01181948395434788
RI,trn,fmt,0.038323555408130414
RI,trn,pet,0.12227608204591592
RI,trn,cep,0.035670517182505405
RI,trn,mot,0.03920644593045673
RI,trn,alt,0.024587492137970287
RI,trn,pmt,0.05165663420753894
RI,trn,wpd,0.026298067309544548
RI,trn,che,0.12633765379610695
RI,trn,mmf,0.09093553861943636
RI,trn,min,0.0792499010187559
RI,trd,ppd,0.19380243203379352
RI,trd,fbp,2.1858845116593137
RI,trd,agr,0.29414589981122596
RI,trd,eec,0.2949655371721839
RI,trd,pub,0.3657654401911589
RI,trd,tex,0.2645776843334802
RI,trd,nmp,0.1451783574307213
RI,trd,ote,0.14321943206152912
RI,trd,mch,0.46421909654181975
RI,trd,oil,0.02055234488022359
RI,trd,pla,0.3566257535355786
RI,trd,fof,0.020831206366978293
RI,trd,mov,0.019364272780639017
RI,trd,fpd,0.2801484617899206
RI,trd,pri,0.04612790583037436
RI,trd,fmt,0.38731606358308873
RI,trd,pet,0.6176236157539474
RI,trd,cep,0.7994266561726119
RI,trd,mot,0.6443505819464533
RI,trd,alt,0.8185392549902545
RI,trd,pmt,0.14366921648096806
RI,trd,wpd,0.11746892794233287
RI,trd,che,1.5616971074065173
RI,trd,mmf,1.1722254900073599
RI,trd,min,0.02586094908599359
SC,trn,ppd,0.3114321242212245
SC,trn,fbp,0.46583295342169856
SC,trn,agr,0.7850678082398941
SC,trn,eec,0.20490803178733333
SC,trn,pub,0.07376321359595935
SC,trn,tex,0.1328174057828874
SC,trn,nmp,0.46314375729404195
SC,trn,ote,0.07077242579746877
SC,trn,mch,0.3522722283627064
SC,trn,oil,0.2853390332274449
SC,trn,pla,0.12781101247957619
SC,trn,fof,0.08485259756244304
SC,trn,mov,0.0011286871322342162
SC,trn,fpd,0.30967735559404164
SC,trn,pri,0.04285965425118308
SC,trn,fmt,0.2345279771609514
SC,trn,pet,0.5383089831619042
SC,trn,cep,0.12479509476667404
SC,trn,mot,0.4337854223314816
SC,trn,alt,0.14634735234438767
SC,trn,pmt,0.3203953704674054
SC,trn,wpd,0.2154960358578246
SC,trn,che,0.6778596436595664
SC,trn,mmf,0.3121919118800815
SC,trn,min,0.39184778298378464
SC,trd,ppd,1.4831220082251677
SC,trd,fbp,9.760875534693529
SC,trd,agr,1.694795225590324
SC,trd,eec,2.23262431078686
SC,trd,pub,1.3269866860579769
SC,trd,tex,1.9955301913186176
SC,trd,nmp,0.8615890749865884
SC,trd,ote,0.4468956498978428
SC,trd,mch,3.9419506495903103
SC,trd,oil,0.09754284485024095
SC,trd,pla,2.1264165932578223
SC,trd,fof,0.19328441336363508
SC,trd,mov,0.07036923934476824
SC,trd,fpd,1.62357949622198
SC,trd,pri,0.16726839368428723
SC,trd,fmt,2.3702511926858723
SC,trd,pet,2.719030042591971
SC,trd,cep,2.796834282094343
SC,trd,mot,7.129182018052969
SC,trd,alt,4.872032173333322
SC,trd,pmt,0.8910946782603911
SC,trd,wpd,0.9625836001588507
SC,trd,che,8.379223556258395
SC,trd,mmf,4.024381693184845
SC,trd,min,0.1278683687290011
SD,trn,ppd,0.03416198989098179
SD,trn,fbp,0.10412840901681968
SD,trn,agr,0.5702093148542651
SD,trn,eec,0.02713409416261696
SD,trn,pub,0.012778529193966237
SD,trn,tex,0.01466140768017836
SD,trn,nmp,0.0769188447648492
SD,trn,ote,0.009457365589425358
SD,trn,mch,0.07391714113683277
SD,trn,oil,0.026147596763780312
SD,trn,pla,0.020084822925633555
SD,trn,fof,0.05987862228936731
SD,trn,mov,0.00023845700396711483
SD,trn,fpd,0.06087763118674522
SD,trn,pri,0.008752850211707108
SD,trn,fmt,0.0353255215377672
SD,trn,pet,0.10225928648136282
SD,trn,cep,0.02225923814266515
SD,trn,mot,0.0485460411271865
SD,trn,alt,0.022106147358377414
SD,trn,pmt,0.035075409668308986
SD,trn,wpd,0.04482562499007572
SD,trn,che,0.11351369135763506
SD,trn,mmf,0.07858753718459112
SD,trn,min,0.07202213772173503
SD,trd,ppd,0.16268841622802574
SD,trd,fbp,2.181864620296081
SD,trd,agr,1.2309612166734494
SD,trd,eec,0.29564599176625983
SD,trd,pub,0.22988339690131462
SD,trd,tex,0.22028198413130104
SD,trd,nmp,0.14309258252164714
SD,trd,ote,0.0597189582493992
SD,trd,mch,0.8271379321454438
SD,trd,oil,0.008938528127356002
SD,trd,pla,0.33415509284489103
SD,trd,fof,0.13639658318893566
SD,trd,mov,0.014866863904421827
SD,trd,fpd,0.31916984560838535
SD,trd,pri,0.03415975281767485
SD,trd,fmt,0.35701650852376077
SD,trd,pet,0.5165176149275185
SD,trd,cep,0.4988609564110282
SD,trd,mot,0.7978450764699211
SD,trd,alt,0.7359331032174461
SD,trd,pmt,0.09755294169087536
SD,trd,wpd,0.20022833046815386
SD,trd,che,1.40317631456377
SD,trd,mmf,1.013050735534863
SD,trd,min,0.023502374296283345
TN,trn,ppd,0.4397814224204043
TN,trn,fbp,0.6417999264824964
TN,trn,agr,2.0077436486451847
TN,trn,eec,0.2966758957112799
TN,trn,pub,0.11865244310522002
TN,trn,tex,0.12579746304166894
TN,trn,nmp,0.6341899055862547
TN,trn,ote,0.07656940083730567
TN,trn,mch,0.4474297839134917
TN,trn,oil,0.519822571219971
TN,trn,pla,0.18146048296509731
TN,trn,fof,0.12379252583974586
TN,trn,mov,0.0030427715541854177
TN,trn,fpd,0.3796060493874081
TN,trn,pri,0.06488184836908446
TN,trn,fmt,0.32920283991800375
TN,trn,pet,0.6266849840860896
TN,trn,cep,0.17784753098310227
TN,trn,mot,0.7282571847242665
TN,trn,alt,0.18286606409279155
TN,trn,pmt,0.5216444372026665
TN,trn,wpd,0.2880293172257032
TN,trn,che,0.82857029178488
TN,trn,mmf,0.4671121752049598
TN,trn,min,0.5581096988794192
TN,trd,ppd,2.094355256482623
TN,trd,fbp,13.448016407074784
TN,trd,agr,4.334293565751947
TN,trd,eec,3.232502949796113
TN,trd,pub,2.134535693242946
TN,trd,tex,1.8900582646621922
TN,trd,nmp,1.179787237794908
TN,trd,ote,0.483500908212475
TN,trd,mch,5.00677029109389
TN,trd,oil,0.17770079277497872
TN,trd,pla,3.018993234712233
TN,trd,fof,0.2819850708533691
TN,trd,mov,0.18970493563090798
TN,trd,fpd,1.9902023421924446
TN,trd,pri,0.25321442147808915
TN,trd,fmt,3.3270803483531797
TN,trd,pet,3.16542237315563
TN,trd,cep,3.9858142867664004
TN,trd,mot,11.96877017662132
TN,trd,alt,6.087772230920585
TN,trd,pmt,1.450815538493312
TN,trd,wpd,1.2865772496591663
TN,trd,che,10.242202455743993
TN,trd,mmf,6.021417003527852
TN,trd,min,0.18212321178425178
TX,trn,ppd,1.136395953301078
TX,trn,fbp,2.584591173586599
TX,trn,agr,5.498484096314309
TX,trn,eec,0.9193014799735784
TX,trn,pub,0.49687436676988034
TX,trn,tex,0.44134798896638666
TX,trn,nmp,3.090175807949202
TX,trn,ote,0.4640611176896451
TX,trn,mch,2.029379833996863
TX,trn,oil,19.385703677349518
TX,trn,pla,0.6713717189532955
TX,trn,fof,0.36441050813294545
TX,trn,mov,0.009826289823619817
TX,trn,fpd,1.6574011818791603
TX,trn,pri,0.29018565993343304
TX,trn,fmt,1.4586790368238336
TX,trn,pet,3.7551737443448707
TX,trn,cep,1.1722912739282525
TX,trn,mot,1.759414551716846
TX,trn,alt,0.8388189777633024
TX,trn,pmt,1.525923265357094
TX,trn,wpd,1.043209785775385
TX,trn,che,4.317807150582624
TX,trn,mmf,1.8120409988125095
TX,trn,min,2.6468195257842564
TX,trd,ppd,5.411817591436463
TX,trd,fbp,54.156479416364014
TX,trd,agr,11.870063320148596
TX,trd,eec,10.01646843819924
TX,trd,pub,8.938678742478722
TX,trd,tex,6.631082964380981
TX,trd,nmp,5.748672359253104
TX,trd,ote,2.9303346952627782
TX,trd,mch,22.70890098850695
TX,trd,oil,6.626982171784314
TX,trd,pla,11.169741446610034
TX,trd,fof,0.8300850334745202
TX,trd,mov,0.6126308351727318
TX,trd,fpd,8.689439273824826
TX,trd,pri,1.1325077174634541
TX,trd,fmt,14.742103558948997
TX,trd,pet,18.96760140626401
TX,trd,cep,26.272702702399407
TX,trd,mot,28.915648010908626
TX,trd,alt,27.925022091608085
TX,trd,pmt,4.243950526531578
TX,trd,wpd,4.659838067625188
TX,trd,che,53.37369133264565
TX,trd,mmf,23.35853154876915
TX,trd,min,0.8637142017366131
UT,trn,ppd,0.1535778436693577
UT,trn,fbp,0.28258749974359704
UT,trn,agr,0.6521139018998171
UT,trn,eec,0.1602434308010946
UT,trn,pub,0.09181352633423998
UT,trn,tex,0.051650849332033635
UT,trn,nmp,0.4296081066156482
UT,trn,ote,0.05508338007709561
UT,trn,mch,0.14906660840916244
UT,trn,oil,1.369425961865761
UT,trn,pla,0.08086253946554527
UT,trn,fof,0.050969120576629924
UT,trn,mov,0.0010008136033182462
UT,trn,fpd,0.3011715302358084
UT,trn,pri,0.0332700051531357
UT,trn,fmt,0.16851307642185331
UT,trn,pet,0.4055300832048987
UT,trn,cep,0.15987681929773878
UT,trn,mot,0.15479943987980505
UT,trn,alt,0.08211432712662602
UT,trn,pmt,0.22063114181814447
UT,trn,wpd,0.15659984722581538
UT,trn,che,0.40145514050831893
UT,trn,mmf,0.29200665918154683
UT,trn,min,0.506610115970017
UT,trd,ppd,0.731378243305401
UT,trd,fbp,5.921224319569592
UT,trd,agr,1.4077758836637584
UT,trd,eec,1.7459705026190748
UT,trd,pub,1.6517085021936175
UT,trd,tex,0.7760340494664453
UT,trd,nmp,0.7992025053912514
UT,trd,ote,0.3478264685821177
UT,trd,mch,1.668065679153408
UT,trd,oil,0.46813680771704497
UT,trd,pla,1.345325745854471
UT,trd,fof,0.11610176769266903
UT,trd,mov,0.062396823690187384
UT,trd,fpd,1.5789850710868858
UT,trd,pri,0.12984286544213902
UT,trd,fmt,1.7030732333394552
UT,trd,pet,2.048356081543049
UT,trd,cep,3.5830652635838005
UT,trd,mot,2.544099746976872
UT,trd,alt,2.7336582264303693
UT,trd,pmt,0.6136269573616173
UT,trd,wpd,0.6995044903118484
UT,trd,che,4.962505736390665
UT,trd,mmf,3.764179047501006
UT,trd,min,0.16531778900833244
VT,trn,ppd,0.023451307377694568
VT,trn,fbp,0.07917994379993648
VT,trn,agr,0.17678956100073656
VT,trn,eec,0.017624521790299403
VT,trn,pub,0.011979935888419153
VT,trn,tex,0.008266230836817464
VT,trn,nmp,0.0448345968102799
VT,trn,ote,0.011371026590366543
VT,trn,mch,0.040816833096635356
VT,trn,oil,0.021986031510154616
VT,trn,pla,0.011818113809864302
VT,trn,fof,0.014175689523977719
VT,trn,mov,0.0001558433387700945
VT,trn,fpd,0.03728946117403967
VT,trn,pri,0.005470449529921327
VT,trn,fmt,0.020503018027013303
VT,trn,pet,0.0473675347296432
VT,trn,cep,0.02790473429028835
VT,trn,mot,0.027411292372681435
VT,trn,alt,0.013779964574236324
VT,trn,pmt,0.0173444662414236
VT,trn,wpd,0.0224436938059715
VT,trn,che,0.05359660387218565
VT,trn,mmf,0.03621788173768193
VT,trn,min,0.040203277034968815
VT,trd,ppd,0.11168131797734973
VT,trd,fbp,1.659104557971378
VT,trd,agr,0.381651241808022
VT,trd,eec,0.19203217888430088
VT,trd,pub,0.21551684977877897
VT,trd,tex,0.124196923633962
VT,trd,nmp,0.08340606601038741
VT,trd,ote,0.07180285627978654
VT,trd,mch,0.45674319116021067
VT,trd,oil,0.007515901474152913
VT,trd,pla,0.19662025062449612
VT,trd,fof,0.032290582874033275
VT,trd,mov,0.009716224180293819
VT,trd,fpd,0.19550155506591804
VT,trd,pri,0.021349526065662237
VT,trd,fmt,0.2072132438972812
VT,trd,pet,0.2392561781468206
VT,trd,cep,0.6253844964157481
VT,trd,mot,0.4504994465341454
VT,trd,alt,0.45874714969277974
VT,trd,pmt,0.048239028992374006
VT,trd,wpd,0.10025210672027549
VT,trd,che,0.6625234735567371
VT,trd,mmf,0.46687494033172705
VT,trd,min,0.01311919494063925
VA,trn,ppd,0.47134074897408174
VA,trn,fbp,1.045455594238962
VA,trn,agr,3.033506152683235
VA,trn,eec,0.28127877478508834
VA,trn,pub,0.19138923948697023
VA,trn,tex,0.15100090921289303
VA,trn,nmp,0.8598745072494784
VA,trn,ote,0.2062750224342232
VA,trn,mch,0.35337928087712656
VA,trn,oil,0.5589000494742095
VA,trn,pla,0.22947260731125055
VA,trn,fof,0.16267692779858078
VA,trn,mov,0.003070478740585584
VA,trn,fpd,0.5067745160115038
VA,trn,pri,0.1162230581670666
VA,trn,fmt,0.38610599729178247
VA,trn,pet,1.4247363577496082
VA,trn,cep,0.28384063382170194
VA,trn,mot,0.36461691657797923
VA,trn,alt,0.23953148584534095
VA,trn,pmt,0.24423286161818114
VA,trn,wpd,0.36785648190171355
VA,trn,che,1.125633024615274
VA,trn,mmf,0.606485147036508
VA,trn,min,0.7511560265232585
VA,trd,ppd,2.2446491026732467
VA,trd,fbp,21.90605421419772
VA,trd,agr,6.548697692614375
VA,trd,eec,3.0647399480431217
VA,trd,pub,3.443057321839396
VA,trd,tex,2.2687303028901162
VA,trd,nmp,1.599629639043733
VA,trd,ote,1.3025328603577593
VA,trd,mch,3.9543386439508983
VA,trd,oil,0.19105938712983345
VA,trd,pla,3.817780255537472
VA,trd,fof,0.37055924580515354
VA,trd,mov,0.1914323706088402
VA,trd,fpd,2.6569224340790845
VA,trd,pri,0.45358378615814626
VA,trd,fmt,3.9021706990460916
VA,trd,pet,7.196426366024649
VA,trd,cep,6.361269381686614
VA,trd,mot,5.992410605166153
VA,trd,alt,7.974213997521565
VA,trd,pmt,0.679268876222443
VA,trd,wpd,1.643151417060573
VA,trd,che,13.914282763078281
VA,trd,mmf,7.8180363745610695
VA,trd,min,0.24511838510634634
WA,trn,ppd,0.34139524151546147
WA,trn,fbp,0.7993812585106802
WA,trn,agr,1.7188575233318248
WA,trn,eec,0.31332827968516513
WA,trn,pub,0.7665152425709486
WA,trn,tex,0.12403599417196583
WA,trn,nmp,0.7965286995505986
WA,trn,ote,0.4466141525292091
WA,trn,mch,0.3154226444923164
WA,trn,oil,2.2162662053479143
WA,trn,pla,0.1783210863820681
WA,trn,fof,0.2180342067528603
WA,trn,mov,0.003053658308378743
WA,trn,fpd,0.44320596329851414
WA,trn,pri,0.1327015190838081
WA,trn,fmt,0.37257263536216234
WA,trn,pet,0.9869318334889324
WA,trn,cep,0.37083186079585984
WA,trn,mot,0.2923213405435787
WA,trn,alt,0.2031694913563903
WA,trn,pmt,0.25712168884677594
WA,trn,wpd,0.4434307204152202
WA,trn,che,0.8847359696140947
WA,trn,mmf,0.4910319653082324
WA,trn,min,0.6347227529712288
WA,trd,ppd,1.6258142844482457
WA,trd,fbp,16.74991198406268
WA,trd,agr,3.71064956865818
WA,trd,eec,3.413942969342248
WA,trd,pub,13.78946865199848
WA,trd,tex,1.863592875658085
WA,trd,nmp,1.4817870577717038
WA,trd,ote,2.8201650529725613
WA,trd,mch,3.5296012522218216
WA,trd,oil,0.7576282437417707
WA,trd,pla,2.9667624851276693
WA,trd,fof,0.4966567312735402
WA,trd,mov,0.19038368228233946
WA,trd,fpd,2.323644598535264
WA,trd,pri,0.5178942836665711
WA,trd,fmt,3.7653961118815187
WA,trd,pet,4.985050201994647
WA,trd,cep,8.310865608186273
WA,trd,mot,4.804246378994037
WA,trd,alt,6.763691195442799
WA,trd,pmt,0.7151157279908172
WA,trd,wpd,1.9807284972978636
WA,trd,che,10.936483012378122
WA,trd,mmf,6.3297605631566825
WA,trd,min,0.20712370094223642
WV,trn,ppd,0.04034932210059587
WV,trn,fbp,0.14325282409593862
WV,trn,agr,0.20851089168733
WV,trn,eec,0.028043299752196174
WV,trn,pub,0.020724753963159384
WV,trn,tex,0.01823588572972505
WV,trn,nmp,0.1240279455823306
WV,trn,ote,0.027187390502409575
WV,trn,mch,0.06304591168161715
WV,trn,oil,0.3590703165493578
WV,trn,pla,0.027090490461420903
WV,trn,fof,0.02479148461847229
WV,trn,mov,0.00027257461748343915
WV,trn,fpd,0.06852189571873295
WV,trn,pri,0.010331384173715338
WV,trn,fmt,0.055226353719090696
WV,trn,pet,0.13572104306863217
WV,trn,cep,0.030698048549021854
WV,trn,mot,0.0965188374695704
WV,trn,alt,0.0335703775997961
WV,trn,pmt,0.08542661091390646
WV,trn,wpd,0.07241375831579347
WV,trn,che,0.18213938555137002
WV,trn,mmf,0.07239820636232293
WV,trn,min,0.32174865056479557
WV,trd,ppd,0.19215412595603235
WV,trd,fbp,3.0016618097174557
WV,trd,agr,0.45013088042362365
WV,trd,eec,0.3055524580237886
WV,trd,pub,0.372834523338152
WV,trd,tex,0.2739871353803487
WV,trd,nmp,0.2307299218089706
WV,trd,ote,0.1716759940145406
WV,trd,mch,0.7054881211114915
WV,trd,oil,0.12274780558880827
WV,trd,pla,0.4507097418218432
WV,trd,fof,0.05647213754851414
WV,trd,mov,0.016993964004030585
WV,trd,fpd,0.3592472711405962
WV,trd,pri,0.04032029808604743
WV,trd,fmt,0.5581437760857527
WV,trd,pet,0.6855348973519518
WV,trd,cep,0.6879866130622038
WV,trd,mot,1.5862689824685245
WV,trd,alt,1.1175874186795778
WV,trd,pmt,0.23759144289804054
WV,trd,wpd,0.3234597606548894
WV,trd,che,2.2514788189705963
WV,trd,mmf,0.9332657420537748
WV,trd,min,0.10499351246854015
WI,trn,ppd,0.48955240519029136
WI,trn,fbp,0.5845005862909782
WI,trn,agr,2.0643129491904753
WI,trn,eec,0.3350813995063302
WI,trn,pub,0.11985638042562552
WI,trn,tex,0.10222179441930303
WI,trn,nmp,0.537695650193536
WI,trn,ote,0.06347033635604368
WI,trn,mch,0.8004971014677713
WI,trn,oil,0.18392345221180556
WI,trn,pla,0.153621865880602
WI,trn,fof,0.16176235405217373
WI,trn,mov,0.0012107620537611663
WI,trn,fpd,0.3752698132581563
WI,trn,pri,0.05406665143210683
WI,trn,fmt,0.3726224123624203
WI,trn,pet,0.479828013857548
WI,trn,cep,0.1981681077915176
WI,trn,mot,0.3594976276904216
WI,trn,alt,0.1361270607625577
WI,trn,pmt,0.6230781414705365
WI,trn,wpd,0.28280666156126993
WI,trn,che,0.7094058225971077
WI,trn,mmf,0.3375384496316114
WI,trn,min,0.4673575601998791
WI,trd,ppd,2.331377818306014
WI,trd,fbp,12.247389178534409
WI,trd,agr,4.456414711814589
WI,trd,eec,3.650959272337135
WI,trd,pub,2.1561943048617045
WI,trd,tex,1.5358429550109947
WI,trd,nmp,1.0002784029331893
WI,trd,ote,0.4007862793376697
WI,trd,mch,8.957618043841526
WI,trd,oil,0.06287403640677676
WI,trd,pla,2.555836765223495
WI,trd,fof,0.36847595248084514
WI,trd,mov,0.07548629050286944
WI,trd,fpd,1.9674682806181802
WI,trd,pri,0.21100594708337247
WI,trd,fmt,3.7658991819018115
WI,trd,pet,2.423639258800019
WI,trd,cep,4.4412271053228265
WI,trd,mot,5.90827605291164
WI,trd,alt,4.531789670753924
WI,trd,pmt,1.7329264626851226
WI,trd,wpd,1.2632485481735534
WI,trd,che,8.769175205004343
WI,trd,mmf,4.351117071749223
WI,trd,min,0.15250883488703432
WY,trn,ppd,0.016254613759714362
WY,trn,fbp,0.0633009149788948
WY,trn,agr,0.11529894686470073
WY,trn,eec,0.01539907794325793
WY,trn,pub,0.008459206819997456
WY,trn,tex,0.008980137309385449
WY,trn,nmp,0.06995315411908593
WY,trn,ote,0.011142084579816572
WY,trn,mch,0.03251424723009425
WY,trn,oil,0.7073736851474298
WY,trn,pla,0.01147437721613674
WY,trn,fof,0.01222021164887555
WY,trn,mov,0.0001608091671345621
WY,trn,fpd,0.028798420518644157
WY,trn,pri,0.004568883572838448
WY,trn,fmt,0.027252034160924723
WY,trn,pet,0.09465753780833172
WY,trn,cep,0.013002416729170295
WY,trn,mot,0.027510780550753695
WY,trn,alt,0.019163769522812374
WY,trn,pmt,0.016558083936799545
WY,trn,wpd,0.029739758636367436
WY,trn,che,0.07908296977730299
WY,trn,mmf,0.02688357658401744
WY,trn,min,0.17224500789242184
WY,trd,ppd,0.07740876270396335
WY,trd,fbp,1.3263818023236242
WY,trd,agr,0.24890602137920825
WY,trd,eec,0.16778432489899425
WY,trd,pub,0.15217957946130434
WY,trd,tex,0.13492309247749426
WY,trd,nmp,0.13013426695416425
WY,trd,ote,0.07035719170858136
WY,trd,mch,0.3638366799032596
WY,trd,oil,0.24181494147868426
WY,trd,pla,0.19090143827466818
WY,trd,fof,0.0278362302107981
WY,trd,mov,0.010025824205619302
WY,trd,fpd,0.15098464331677677
WY,trd,pri,0.017830984162410007
WY,trd,fmt,0.27542200830359104
WY,trd,pet,0.4781207394067015
WY,trd,cep,0.29140251807342465
WY,trd,mot,0.4521345160722352
WY,trd,alt,0.6379787552136539
WY,trd,pmt,0.04605191534679802
WY,trd,wpd,0.1328423691048162
WY,trd,che,0.9775679810047004
WY,trd,mmf,0.34654893139451404
WY,trd,min,0.056207254799829555
