r,s,value
AL,ppd,0.009964383715642039
AL,res,0.0051184134690044686
AL,com,0.0039885804812040005
AL,amb,0.007610579155737594
AL,fbp,0.0073852937469549304
AL,rec,0.027744696444229236
AL,con,0.005369684867155419
AL,agr,0.022023271877158492
AL,eec,0.009131522013992302
AL,pub,0.011543215592802704
AL,hou,0.11821964299551649
AL,fbt,0.012325868703937747
AL,ins,0.006689957194655068
AL,tex,0.013218809716120645
AL,leg,0.0037403768557777287
AL,uti,0.06692969034350915
AL,nmp,0.011431719578541423
AL,brd,0.004135735000997167
AL,bnk,0.01640381384926072
AL,ore,0.020647870728729912
AL,edu,0.02643251002857642
AL,ote,0.01185659035372996
AL,man,0.013493366987812398
AL,mch,0.010239038536157005
AL,dat,0.00707488408553667
AL,amd,0.030619895214070256
AL,oil,0.06535223583244111
AL,hos,0.013775239713991276
AL,rnt,0.02075752842947717
AL,pla,0.006741400322796694
AL,fof,0.02313797803255031
AL,fin,0.004059401204152343
AL,tsv,0.006401685870789181
AL,nrs,0.01438773974743324
AL,sec,0.007438970336112668
AL,art,0.01592277221546427
AL,mov,0.024866348620334183
AL,fpd,0.005834523825418231
AL,pri,0.010540540540540542
AL,grd,0.012819223808566258
AL,pip,0.06340951381268191
AL,osv,0.015213538123165301
AL,trn,0.01873704353372668
AL,smn,0.028065933494527212
AL,fmt,0.008581501066889322
AL,pet,0.006708718046484415
AL,mvt,0.00871390424786676
AL,cep,0.024536149189888803
AL,wst,0.015992775162487732
AL,mot,0.0060288476476141545
AL,adm,0.00402454657302123
AL,soc,0.004983923411057945
AL,alt,0.017226341037941562
AL,pmt,0.009911456224401677
AL,trk,0.009952407817269164
AL,gmt,0.010919638286981745
AL,wtt,0.02411757316919985
AL,wpd,0.004717561383653987
AL,wht,0.006745265637997691
AL,wrh,0.005934718100890208
AL,ott,0.01265103928844139
AL,che,0.01817486258867742
AL,air,0.023724731769102756
AL,mmf,0.010472673136934924
AL,otr,0.007593705823995773
AL,min,0.02821708450054963
AK,ppd,0.009964383715642039
AK,res,0.0051184134690044686
AK,com,0.0039885804812040005
AK,amb,0.007610579155737594
AK,fbp,0.0073852937469549304
AK,rec,0.027744696444229236
AK,con,0.005369684867155419
AK,agr,0.022023271877158492
AK,eec,0.009131522013992302
AK,pub,0.011543215592802704
AK,hou,0.11821964299551649
AK,fbt,0.012325868703937747
AK,ins,0.006689957194655068
AK,tex,0.013218809716120645
AK,leg,0.0037403768557777287
AK,uti,0.06692969034350915
AK,nmp,0.011431719578541423
AK,brd,0.004135735000997167
AK,bnk,0.01640381384926072
AK,ore,0.020647870728729912
AK,edu,0.02643251002857642
AK,ote,0.01185659035372996
AK,man,0.013493366987812398
AK,mch,0.010239038536157005
AK,dat,0.00707488408553667
AK,amd,0.030619895214070256
AK,oil,0.06535223583244111
AK,hos,0.013775239713991276
AK,rnt,0.02075752842947717
AK,pla,0.006741400322796694
AK,fof,0.02313797803255031
AK,fin,0.004059401204152343
AK,tsv,0.006401685870789181
AK,nrs,0.01438773974743324
AK,sec,0.007438970336112668
AK,art,0.01592277221546427
AK,mov,0.024866348620334183
AK,fpd,0.005834523825418231
AK,pri,0.010540540540540542
AK,grd,0.012819223808566258
AK,pip,0.06340951381268191
AK,osv,0.015213538123165301
AK,trn,0.01873704353372668
AK,smn,0.028065933494527212
AK,fmt,0.008581501066889322
AK,pet,0.006708718046484415
AK,mvt,0.00871390424786676
AK,cep,0.024536149189888803
AK,wst,0.015992775162487732
AK,mot,0.0060288476476141545
AK,adm,0.00402454657302123
AK,soc,0.004983923411057945
AK,alt,0.017226341037941562
AK,pmt,0.009911456224401677
AK,trk,0.009952407817269164
AK,gmt,0.010919638286981745
AK,wtt,0.02411757316919985
AK,wpd,0.004717561383653987
AK,wht,0.006745265637997691
AK,wrh,0.005934718100890208
AK,ott,0.01265103928844139
AK,che,0.01817486258867742
AK,air,0.023724731769102756
AK,mmf,0.010472673136934924
AK,otr,0.007593705823995773
AK,min,0.02821708450054963
AR,ppd,0.009964383715642039
AR,res,0.0051184134690044686
AR,com,0.0039885804812040005
AR,amb,0.007610579155737594
AR,fbp,0.0073852937469549304
AR,rec,0.027744696444229236
AR,con,0.005369684867155419
AR,agr,0.022023271877158492
AR,eec,0.009131522013992302
AR,pub,0.011543215592802704
AR,hou,0.11821964299551649
AR,fbt,0.012325868703937747
AR,ins,0.006689957194655068
AR,tex,0.013218809716120645
AR,leg,0.0037403768557777287
AR,uti,0.06692969034350915
AR,nmp,0.011431719578541423
AR,brd,0.004135735000997167
AR,bnk,0.01640381384926072
AR,ore,0.020647870728729912
AR,edu,0.02643251002857642
AR,ote,0.01185659035372996
AR,man,0.013493366987812398
AR,mch,0.010239038536157005
AR,dat,0.00707488408553667
AR,amd,0.030619895214070256
AR,oil,0.06535223583244111
AR,hos,0.013775239713991276
AR,rnt,0.02075752842947717
AR,pla,0.006741400322796694
AR,fof,0.02313797803255031
AR,fin,0.004059401204152343
AR,tsv,0.006401685870789181
AR,nrs,0.01438773974743324
AR,sec,0.007438970336112668
AR,art,0.01592277221546427
AR,mov,0.024866348620334183
AR,fpd,0.005834523825418231
AR,pri,0.010540540540540542
AR,grd,0.012819223808566258
AR,pip,0.06340951381268191
AR,osv,0.015213538123165301
AR,trn,0.01873704353372668
AR,smn,0.028065933494527212
AR,fmt,0.008581501066889322
AR,pet,0.006708718046484415
AR,mvt,0.00871390424786676
AR,cep,0.024536149189888803
AR,wst,0.015992775162487732
AR,mot,0.0060288476476141545
AR,adm,0.00402454657302123
AR,soc,0.004983923411057945
AR,alt,0.017226341037941562
AR,pmt,0.009911456224401677
AR,trk,0.009952407817269164
AR,gmt,0.010919638286981745
AR,wtt,0.02411757316919985
AR,wpd,0.004717561383653987
AR,wht,0.006745265637997691
AR,wrh,0.005934718100890208
AR,ott,0.01265103928844139
AR,che,0.01817486258867742
AR,air,0.023724731769102756
AR,mmf,0.010472673136934924
AR,otr,0.007593705823995773
AR,min,0.02821708450054963
AZ,ppd,0.009964383715642039
AZ,res,0.0051184134690044686
AZ,com,0.0039885804812040005
AZ,amb,0.007610579155737594
AZ,fbp,0.0073852937469549304
AZ,rec,0.027744696444229236
AZ,con,0.005369684867155419
AZ,agr,0.022023271877158492
AZ,eec,0.009131522013992302
AZ,pub,0.011543215592802704
AZ,hou,0.11821964299551649
AZ,fbt,0.012325868703937747
AZ,ins,0.006689957194655068
AZ,tex,0.013218809716120645
AZ,leg,0.0037403768557777287
AZ,uti,0.06692969034350915
AZ,nmp,0.011431719578541423
AZ,brd,0.004135735000997167
AZ,bnk,0.01640381384926072
AZ,ore,0.020647870728729912
AZ,edu,0.02643251002857642
AZ,ote,0.01185659035372996
AZ,man,0.013493366987812398
AZ,mch,0.010239038536157005
AZ,dat,0.00707488408553667
AZ,amd,0.030619895214070256
AZ,oil,0.06535223583244111
AZ,hos,0.013775239713991276
AZ,rnt,0.02075752842947717
AZ,pla,0.006741400322796694
AZ,fof,0.02313797803255031
AZ,fin,0.004059401204152343
AZ,tsv,0.006401685870789181
AZ,nrs,0.01438773974743324
AZ,sec,0.007438970336112668
AZ,art,0.01592277221546427
AZ,mov,0.024866348620334183
AZ,fpd,0.005834523825418231
AZ,pri,0.010540540540540542
AZ,grd,0.012819223808566258
AZ,pip,0.06340951381268191
AZ,osv,0.015213538123165301
AZ,trn,0.01873704353372668
AZ,smn,0.028065933494527212
AZ,fmt,0.008581501066889322
AZ,pet,0.006708718046484415
AZ,mvt,0.00871390424786676
AZ,cep,0.024536149189888803
AZ,wst,0.015992775162487732
AZ,mot,0.0060288476476141545
AZ,adm,0.00402454657302123
AZ,soc,0.004983923411057945
AZ,alt,0.017226341037941562
AZ,pmt,0.009911456224401677
AZ,trk,0.009952407817269164
AZ,gmt,0.010919638286981745
AZ,wtt,0.02411757316919985
AZ,wpd,0.004717561383653987
AZ,wht,0.006745265637997691
AZ,wrh,0.005934718100890208
AZ,ott,0.01265103928844139
AZ,che,0.01817486258867742
AZ,air,0.023724731769102756
AZ,mmf,0.010472673136934924
AZ,otr,0.007593705823995773
AZ,min,0.02821708450054963
CA,ppd,0.009964383715642039
CA,res,0.0051184134690044686
CA,com,0.0039885804812040005
CA,amb,0.007610579155737594
CA,fbp,0.0073852937469549304
CA,rec,0.027744696444229236
CA,con,0.005369684867155419
CA,agr,0.022023271877158492
CA,eec,0.009131522013992302
CA,pub,0.011543215592802704
CA,hou,0.11821964299551649
CA,fbt,0.012325868703937747
CA,ins,0.006689957194655068
CA,tex,0.013218809716120645
CA,leg,0.0037403768557777287
CA,uti,0.06692969034350915
CA,nmp,0.011431719578541423
CA,brd,0.004135735000997167
CA,bnk,0.01640381384926072
CA,ore,0.020647870728729912
CA,edu,0.02643251002857642
CA,ote,0.01185659035372996
CA,man,0.013493366987812398
CA,mch,0.010239038536157005
CA,dat,0.00707488408553667
CA,amd,0.030619895214070256
CA,oil,0.06535223583244111
CA,hos,0.013775239713991276
CA,rnt,0.02075752842947717
CA,pla,0.006741400322796694
CA,fof,0.02313797803255031
CA,fin,0.004059401204152343
CA,tsv,0.006401685870789181
CA,nrs,0.01438773974743324
CA,sec,0.007438970336112668
CA,art,0.01592277221546427
CA,mov,0.024866348620334183
CA,fpd,0.005834523825418231
CA,pri,0.010540540540540542
CA,grd,0.012819223808566258
CA,pip,0.06340951381268191
CA,osv,0.015213538123165301
CA,trn,0.01873704353372668
CA,smn,0.028065933494527212
CA,fmt,0.008581501066889322
CA,pet,0.006708718046484415
CA,mvt,0.00871390424786676
CA,cep,0.024536149189888803
CA,wst,0.015992775162487732
CA,mot,0.0060288476476141545
CA,adm,0.00402454657302123
CA,soc,0.004983923411057945
CA,alt,0.017226341037941562
CA,pmt,0.009911456224401677
CA,trk,0.009952407817269164
CA,gmt,0.010919638286981745
CA,wtt,0.02411757316919985
CA,wpd,0.004717561383653987
CA,wht,0.006745265637997691
CA,wrh,0.005934718100890208
CA,ott,0.01265103928844139
CA,che,0.01817486258867742
CA,air,0.023724731769102756
CA,mmf,0.010472673136934924
CA,otr,0.007593705823995773
CA,min,0.02821708450054963
CO,ppd,0.009964383715642039
CO,res,0.0051184134690044686
CO,com,0.0039885804812040005
CO,amb,0.007610579155737594
CO,fbp,0.0073852937469549304
CO,rec,0.027744696444229236
CO,con,0.005369684867155419
CO,agr,0.022023271877158492
CO,eec,0.009131522013992302
CO,pub,0.011543215592802704
CO,hou,0.11821964299551649
CO,fbt,0.012325868703937747
CO,ins,0.006689957194655068
CO,tex,0.013218809716120645
CO,leg,0.0037403768557777287
CO,uti,0.06692969034350915
CO,nmp,0.011431719578541423
CO,brd,0.004135735000997167
CO,bnk,0.01640381384926072
CO,ore,0.020647870728729912
CO,edu,0.02643251002857642
CO,ote,0.01185659035372996
CO,man,0.013493366987812398
CO,mch,0.010239038536157005
CO,dat,0.00707488408553667
CO,amd,0.030619895214070256
CO,oil,0.06535223583244111
CO,hos,0.013775239713991276
CO,rnt,0.02075752842947717
CO,pla,0.006741400322796694
CO,fof,0.02313797803255031
CO,fin,0.004059401204152343
CO,tsv,0.006401685870789181
CO,nrs,0.01438773974743324
CO,sec,0.007438970336112668
CO,art,0.01592277221546427
CO,mov,0.024866348620334183
CO,fpd,0.005834523825418231
CO,pri,0.010540540540540542
CO,grd,0.012819223808566258
CO,pip,0.06340951381268191
CO,osv,0.015213538123165301
CO,trn,0.01873704353372668
CO,smn,0.028065933494527212
CO,fmt,0.008581501066889322
CO,pet,0.006708718046484415
CO,mvt,0.00871390424786676
CO,cep,0.024536149189888803
CO,wst,0.015992775162487732
CO,mot,0.0060288476476141545
CO,adm,0.00402454657302123
CO,soc,0.004983923411057945
CO,alt,0.017226341037941562
CO,pmt,0.009911456224401677
CO,trk,0.009952407817269164
CO,gmt,0.010919638286981745
CO,wtt,0.02411757316919985
CO,wpd,0.004717561383653987
CO,wht,0.006745265637997691
CO,wrh,0.005934718100890208
CO,ott,0.01265103928844139
CO,che,0.01817486258867742
CO,air,0.023724731769102756
CO,mmf,0.010472673136934924
CO,otr,0.007593705823995773
CO,min,0.02821708450054963
CT,ppd,0.009964383715642039
CT,res,0.0051184134690044686
CT,com,0.0039885804812040005
CT,amb,0.007610579155737594
CT,fbp,0.0073852937469549304
CT,rec,0.027744696444229236
CT,con,0.005369684867155419
CT,agr,0.022023271877158492
CT,eec,0.009131522013992302
CT,pub,0.011543215592802704
CT,hou,0.11821964299551649
CT,fbt,0.012325868703937747
CT,ins,0.006689957194655068
CT,tex,0.013218809716120645
CT,leg,0.0037403768557777287
CT,uti,0.06692969034350915
CT,nmp,0.011431719578541423
CT,brd,0.004135735000997167
CT,bnk,0.01640381384926072
CT,ore,0.020647870728729912
CT,edu,0.02643251002857642
CT,ote,0.01185659035372996
CT,man,0.013493366987812398
CT,mch,0.010239038536157005
CT,dat,0.00707488408553667
CT,amd,0.030619895214070256
CT,oil,0.06535223583244111
CT,hos,0.013775239713991276
CT,rnt,0.02075752842947717
CT,pla,0.006741400322796694
CT,fof,0.02313797803255031
CT,fin,0.004059401204152343
CT,tsv,0.006401685870789181
CT,nrs,0.01438773974743324
CT,sec,0.007438970336112668
CT,art,0.01592277221546427
CT,mov,0.024866348620334183
CT,fpd,0.005834523825418231
CT,pri,0.010540540540540542
CT,grd,0.012819223808566258
CT,pip,0.06340951381268191
CT,osv,0.015213538123165301
CT,trn,0.01873704353372668
CT,smn,0.028065933494527212
CT,fmt,0.008581501066889322
CT,pet,0.006708718046484415
CT,mvt,0.00871390424786676
CT,cep,0.024536149189888803
CT,wst,0.015992775162487732
CT,mot,0.0060288476476141545
CT,adm,0.00402454657302123
CT,soc,0.004983923411057945
CT,alt,0.017226341037941562
CT,pmt,0.009911456224401677
CT,trk,0.009952407817269164
CT,gmt,0.010919638286981745
CT,wtt,0.02411757316919985
CT,wpd,0.004717561383653987
CT,wht,0.006745265637997691
CT,wrh,0.005934718100890208
CT,ott,0.01265103928844139
CT,che,0.01817486258867742
CT,air,0.023724731769102756
CT,mmf,0.010472673136934924
CT,otr,0.007593705823995773
CT,min,0.02821708450054963
DE,ppd,0.009964383715642039
DE,res,0.0051184134690044686
DE,com,0.0039885804812040005
DE,amb,0.007610579155737594
DE,fbp,0.0073852937469549304
DE,rec,0.027744696444229236
DE,con,0.005369684867155419
DE,agr,0.022023271877158492
DE,eec,0.009131522013992302
DE,pub,0.011543215592802704
DE,hou,0.11821964299551649
DE,fbt,0.012325868703937747
DE,ins,0.006689957194655068
DE,tex,0.013218809716120645
DE,leg,0.0037403768557777287
DE,uti,0.06692969034350915
DE,nmp,0.011431719578541423
DE,brd,0.004135735000997167
DE,bnk,0.01640381384926072
DE,ore,0.020647870728729912
DE,edu,0.02643251002857642
DE,ote,0.01185659035372996
DE,man,0.013493366987812398
DE,mch,0.010239038536157005
DE,dat,0.00707488408553667
DE,amd,0.030619895214070256
DE,oil,0.06535223583244111
DE,hos,0.013775239713991276
DE,rnt,0.02075752842947717
DE,pla,0.006741400322796694
DE,fof,0.02313797803255031
DE,fin,0.004059401204152343
DE,tsv,0.006401685870789181
DE,nrs,0.01438773974743324
DE,sec,0.007438970336112668
DE,art,0.01592277221546427
DE,mov,0.024866348620334183
DE,fpd,0.005834523825418231
DE,pri,0.010540540540540542
DE,grd,0.012819223808566258
DE,pip,0.06340951381268191
DE,osv,0.015213538123165301
DE,trn,0.01873704353372668
DE,smn,0.028065933494527212
DE,fmt,0.008581501066889322
DE,pet,0.006708718046484415
DE,mvt,0.00871390424786676
DE,cep,0.024536149189888803
DE,wst,0.015992775162487732
DE,mot,0.0060288476476141545
DE,adm,0.00402454657302123
DE,soc,0.004983923411057945
DE,alt,0.017226341037941562
DE,pmt,0.009911456224401677
DE,trk,0.009952407817269164
DE,gmt,0.010919638286981745
DE,wtt,0.02411757316919985
DE,wpd,0.004717561383653987
DE,wht,0.006745265637997691
DE,wrh,0.005934718100890208
DE,ott,0.01265103928844139
DE,che,0.01817486258867742
DE,air,0.023724731769102756
DE,mmf,0.010472673136934924
DE,otr,0.007593705823995773
DE,min,0.02821708450054963
DC,ppd,0.009964383715642039
DC,res,0.0051184134690044686
DC,com,0.0039885804812040005
DC,amb,0.007610579155737594
DC,fbp,0.0073852937469549304
DC,rec,0.027744696444229236
DC,con,0.005369684867155419
DC,agr,0.022023271877158492
DC,eec,0.009131522013992302
DC,pub,0.011543215592802704
DC,hou,0.11821964299551649
DC,fbt,0.012325868703937747
DC,ins,0.006689957194655068
DC,tex,0.013218809716120645
DC,leg,0.0037403768557777287
DC,uti,0.06692969034350915
DC,nmp,0.011431719578541423
DC,brd,0.004135735000997167
DC,bnk,0.01640381384926072
DC,ore,0.020647870728729912
DC,edu,0.02643251002857642
DC,ote,0.01185659035372996
DC,man,0.013493366987812398
DC,mch,0.010239038536157005
DC,dat,0.00707488408553667
DC,amd,0.030619895214070256
DC,oil,0.06535223583244111
DC,hos,0.013775239713991276
DC,rnt,0.02075752842947717
DC,pla,0.006741400322796694
DC,fof,0.02313797803255031
DC,fin,0.004059401204152343
DC,tsv,0.006401685870789181
DC,nrs,0.01438773974743324
DC,sec,0.007438970336112668
DC,art,0.01592277221546427
DC,mov,0.024866348620334183
DC,fpd,0.005834523825418231
DC,pri,0.010540540540540542
DC,grd,0.012819223808566258
DC,pip,0.06340951381268191
DC,osv,0.015213538123165301
DC,trn,0.01873704353372668
DC,smn,0.028065933494527212
DC,fmt,0.008581501066889322
DC,pet,0.006708718046484415
DC,mvt,0.00871390424786676
DC,cep,0.024536149189888803
DC,wst,0.015992775162487732
DC,mot,0.0060288476476141545
DC,adm,0.00402454657302123
DC,soc,0.004983923411057945
DC,alt,0.017226341037941562
DC,pmt,0.009911456224401677
DC,trk,0.009952407817269164
DC,gmt,0.010919638286981745
DC,wtt,0.02411757316919985
DC,wpd,0.004717561383653987
DC,wht,0.006745265637997691
DC,wrh,0.005934718100890208
DC,ott,0.01265103928844139
DC,che,0.01817486258867742
DC,air,0.023724731769102756
DC,mmf,0.010472673136934924
DC,otr,0.007593705823995773
DC,min,0.02821708450054963
FL,ppd,0.009964383715642039
FL,res,0.0051184134690044686
FL,com,0.0039885804812040005
FL,amb,0.007610579155737594
FL,fbp,0.0073852937469549304
FL,rec,0.027744696444229236
FL,con,0.005369684867155419
FL,agr,0.022023271877158492
FL,eec,0.009131522013992302
FL,pub,0.011543215592802704
FL,hou,0.11821964299551649
FL,fbt,0.012325868703937747
FL,ins,0.006689957194655068
FL,tex,0.013218809716120645
FL,leg,0.0037403768557777287
FL,uti,0.06692969034350915
FL,nmp,0.011431719578541423
FL,brd,0.004135735000997167
FL,bnk,0.01640381384926072
FL,ore,0.020647870728729912
FL,edu,0.02643251002857642
FL,ote,0.01185659035372996
FL,man,0.013493366987812398
FL,mch,0.010239038536157005
FL,dat,0.00707488408553667
FL,amd,0.030619895214070256
FL,oil,0.06535223583244111
FL,hos,0.013775239713991276
FL,rnt,0.02075752842947717
FL,pla,0.006741400322796694
FL,fof,0.02313797803255031
FL,fin,0.004059401204152343
FL,tsv,0.006401685870789181
FL,nrs,0.01438773974743324
FL,sec,0.007438970336112668
FL,art,0.01592277221546427
FL,mov,0.024866348620334183
FL,fpd,0.005834523825418231
FL,pri,0.010540540540540542
FL,grd,0.012819223808566258
FL,pip,0.06340951381268191
FL,osv,0.015213538123165301
FL,trn,0.01873704353372668
FL,smn,0.028065933494527212
FL,fmt,0.008581501066889322
FL,pet,0.006708718046484415
FL,mvt,0.00871390424786676
FL,cep,0.024536149189888803
FL,wst,0.015992775162487732
FL,mot,0.0060288476476141545
FL,adm,0.00402454657302123
FL,soc,0.004983923411057945
FL,alt,0.017226341037941562
FL,pmt,0.009911456224401677
FL,trk,0.009952407817269164
FL,gmt,0.010919638286981745
FL,wtt,0.02411757316919985
FL,wpd,0.004717561383653987
FL,wht,0.006745265637997691
FL,wrh,0.005934718100890208
FL,ott,0.01265103928844139
FL,che,0.01817486258867742
FL,air,0.023724731769102756
FL,mmf,0.010472673136934924
FL,otr,0.007593705823995773
FL,min,0.02821708450054963
GA,ppd,0.009964383715642039
GA,res,0.0051184134690044686
GA,com,0.0039885804812040005
GA,amb,0.007610579155737594
GA,fbp,0.0073852937469549304
GA,rec,0.027744696444229236
GA,con,0.005369684867155419
GA,agr,0.022023271877158492
GA,eec,0.009131522013992302
GA,pub,0.011543215592802704
GA,hou,0.11821964299551649
GA,fbt,0.012325868703937747
GA,ins,0.006689957194655068
GA,tex,0.013218809716120645
GA,leg,0.0037403768557777287
GA,uti,0.06692969034350915
GA,nmp,0.011431719578541423
GA,brd,0.004135735000997167
GA,bnk,0.01640381384926072
GA,ore,0.020647870728729912
GA,edu,0.02643251002857642
GA,ote,0.01185659035372996
GA,man,0.013493366987812398
GA,mch,0.010239038536157005
GA,dat,0.00707488408553667
GA,amd,0.030619895214070256
GA,oil,0.06535223583244111
GA,hos,0.013775239713991276
GA,rnt,0.02075752842947717
GA,pla,0.006741400322796694
GA,fof,0.02313797803255031
GA,fin,0.004059401204152343
GA,tsv,0.006401685870789181
GA,nrs,0.01438773974743324
GA,sec,0.007438970336112668
GA,art,0.01592277221546427
GA,mov,0.024866348620334183
GA,fpd,0.005834523825418231
GA,pri,0.010540540540540542
GA,grd,0.012819223808566258
GA,pip,0.06340951381268191
GA,osv,0.015213538123165301
GA,trn,0.01873704353372668
GA,smn,0.028065933494527212
GA,fmt,0.008581501066889322
GA,pet,0.006708718046484415
GA,mvt,0.00871390424786676
GA,cep,0.024536149189888803
GA,wst,0.015992775162487732
GA,mot,0.0060288476476141545
GA,adm,0.00402454657302123
GA,soc,0.004983923411057945
GA,alt,0.017226341037941562
GA,pmt,0.009911456224401677
GA,trk,0.009952407817269164
GA,gmt,0.010919638286981745
GA,wtt,0.02411757316919985
GA,wpd,0.004717561383653987
GA,wht,0.006745265637997691
GA,wrh,0.005934718100890208
GA,ott,0.01265103928844139
GA,che,0.01817486258867742
GA,air,0.023724731769102756
GA,mmf,0.010472673136934924
GA,otr,0.007593705823995773
GA,min,0.02821708450054963
HI,ppd,0.009964383715642039
HI,res,0.0051184134690044686
HI,com,0.0039885804812040005
HI,amb,0.007610579155737594
HI,fbp,0.0073852937469549304
HI,rec,0.027744696444229236
HI,con,0.005369684867155419
HI,agr,0.022023271877158492
HI,eec,0.009131522013992302
HI,pub,0.011543215592802704
HI,hou,0.11821964299551649
HI,fbt,0.012325868703937747
HI,ins,0.006689957194655068
HI,tex,0.013218809716120645
HI,leg,0.0037403768557777287
HI,uti,0.06692969034350915
HI,nmp,0.011431719578541423
HI,brd,0.004135735000997167
HI,bnk,0.01640381384926072
HI,ore,0.020647870728729912
HI,edu,0.02643251002857642
HI,ote,0.01185659035372996
HI,man,0.013493366987812398
HI,mch,0.010239038536157005
HI,dat,0.00707488408553667
HI,amd,0.030619895214070256
HI,oil,0.06535223583244111
HI,hos,0.013775239713991276
HI,rnt,0.02075752842947717
HI,pla,0.006741400322796694
HI,fof,0.02313797803255031
HI,fin,0.004059401204152343
HI,tsv,0.006401685870789181
HI,nrs,0.01438773974743324
HI,sec,0.007438970336112668
HI,art,0.01592277221546427
HI,mov,0.024866348620334183
HI,fpd,0.005834523825418231
HI,pri,0.010540540540540542
HI,grd,0.012819223808566258
HI,pip,0.06340951381268191
HI,osv,0.015213538123165301
HI,trn,0.01873704353372668
HI,smn,0.028065933494527212
HI,fmt,0.008581501066889322
HI,pet,0.006708718046484415
HI,mvt,0.00871390424786676
HI,cep,0.024536149189888803
HI,wst,0.015992775162487732
HI,mot,0.0060288476476141545
HI,adm,0.00402454657302123
HI,soc,0.004983923411057945
HI,alt,0.017226341037941562
HI,pmt,0.009911456224401677
HI,trk,0.009952407817269164
HI,gmt,0.010919638286981745
HI,wtt,0.02411757316919985
HI,wpd,0.004717561383653987
HI,wht,0.006745265637997691
HI,wrh,0.005934718100890208
HI,ott,0.01265103928844139
HI,che,0.01817486258867742
HI,air,0.023724731769102756
HI,mmf,0.010472673136934924
HI,otr,0.007593705823995773
HI,min,0.02821708450054963
ID,ppd,0.009964383715642039
ID,res,0.0051184134690044686
ID,com,0.0039885804812040005
ID,amb,0.007610579155737594
ID,fbp,0.0073852937469549304
ID,rec,0.027744696444229236
ID,con,0.005369684867155419
ID,agr,0.022023271877158492
ID,eec,0.009131522013992302
ID,pub,0.011543215592802704
ID,hou,0.11821964299551649
ID,fbt,0.012325868703937747
ID,ins,0.006689957194655068
ID,tex,0.013218809716120645
ID,leg,0.0037403768557777287
ID,uti,0.06692969034350915
ID,nmp,0.011431719578541423
ID,brd,0.004135735000997167
ID,bnk,0.01640381384926072
ID,ore,0.020647870728729912
ID,edu,0.02643251002857642
ID,ote,0.01185659035372996
ID,man,0.013493366987812398
ID,mch,0.010239038536157005
ID,dat,0.00707488408553667
ID,amd,0.030619895214070256
ID,oil,0.06535223583244111
ID,hos,0.013775239713991276
ID,rnt,0.02075752842947717
ID,pla,0.006741400322796694
ID,fof,0.02313797803255031
ID,fin,0.004059401204152343
ID,tsv,0.006401685870789181
ID,nrs,0.01438773974743324
ID,sec,0.007438970336112668
ID,art,0.01592277221546427
ID,mov,0.024866348620334183
ID,fpd,0.005834523825418231
ID,pri,0.010540540540540542
ID,grd,0.012819223808566258
ID,pip,0.06340951381268191
ID,osv,0.015213538123165301
ID,trn,0.01873704353372668
ID,smn,0.028065933494527212
ID,fmt,0.008581501066889322
ID,pet,0.006708718046484415
ID,mvt,0.00871390424786676
ID,cep,0.024536149189888803
ID,wst,0.015992775162487732
ID,mot,0.0060288476476141545
ID,adm,0.00402454657302123
ID,soc,0.004983923411057945
ID,alt,0.017226341037941562
ID,pmt,0.009911456224401677
ID,trk,0.009952407817269164
ID,gmt,0.010919638286981745
ID,wtt,0.02411757316919985
ID,wpd,0.004717561383653987
ID,wht,0.006745265637997691
ID,wrh,0.005934718100890208
ID,ott,0.01265103928844139
ID,che,0.01817486258867742
ID,air,0.023724731769102756
ID,mmf,0.010472673136934924
ID,otr,0.007593705823995773
ID,min,0.02821708450054963
IL,ppd,0.009964383715642039
IL,res,0.0051184134690044686
IL,com,0.0039885804812040005
IL,amb,0.007610579155737594
IL,fbp,0.0073852937469549304
IL,rec,0.027744696444229236
IL,con,0.005369684867155419
IL,agr,0.022023271877158492
IL,eec,0.009131522013992302
IL,pub,0.011543215592802704
IL,hou,0.11821964299551649
IL,fbt,0.012325868703937747
IL,ins,0.006689957194655068
IL,tex,0.013218809716120645
IL,leg,0.0037403768557777287
IL,uti,0.06692969034350915
IL,nmp,0.011431719578541423
IL,brd,0.004135735000997167
IL,bnk,0.01640381384926072
IL,ore,0.020647870728729912
IL,edu,0.02643251002857642
IL,ote,0.01185659035372996
IL,man,0.013493366987812398
IL,mch,0.010239038536157005
IL,dat,0.00707488408553667
IL,amd,0.030619895214070256
IL,oil,0.06535223583244111
IL,hos,0.013775239713991276
IL,rnt,0.02075752842947717
IL,pla,0.006741400322796694
IL,fof,0.02313797803255031
IL,fin,0.004059401204152343
IL,tsv,0.006401685870789181
IL,nrs,0.01438773974743324
IL,sec,0.007438970336112668
IL,art,0.01592277221546427
IL,mov,0.024866348620334183
IL,fpd,0.005834523825418231
IL,pri,0.010540540540540542
IL,grd,0.012819223808566258
IL,pip,0.06340951381268191
IL,osv,0.015213538123165301
IL,trn,0.01873704353372668
IL,smn,0.028065933494527212
IL,fmt,0.008581501066889322
IL,pet,0.006708718046484415
IL,mvt,0.00871390424786676
IL,cep,0.024536149189888803
IL,wst,0.015992775162487732
IL,mot,0.0060288476476141545
IL,adm,0.00402454657302123
IL,soc,0.004983923411057945
IL,alt,0.017226341037941562
IL,pmt,0.009911456224401677
IL,trk,0.009952407817269164
IL,gmt,0.010919638286981745
IL,wtt,0.02411757316919985
IL,wpd,0.004717561383653987
IL,wht,0.006745265637997691
IL,wrh,0.005934718100890208
IL,ott,0.01265103928844139
IL,che,0.01817486258867742
IL,air,0.023724731769102756
IL,mmf,0.010472673136934924
IL,otr,0.007593705823995773
IL,min,0.02821708450054963
IN,ppd,0.009964383715642039
IN,res,0.0051184134690044686
IN,com,0.0039885804812040005
IN,amb,0.007610579155737594
IN,fbp,0.0073852937469549304
IN,rec,0.027744696444229236
IN,con,0.005369684867155419
IN,agr,0.022023271877158492
IN,eec,0.009131522013992302
IN,pub,0.011543215592802704
IN,hou,0.11821964299551649
IN,fbt,0.012325868703937747
IN,ins,0.006689957194655068
IN,tex,0.013218809716120645
IN,leg,0.0037403768557777287
IN,uti,0.06692969034350915
IN,nmp,0.011431719578541423
IN,brd,0.004135735000997167
IN,bnk,0.01640381384926072
IN,ore,0.020647870728729912
IN,edu,0.02643251002857642
IN,ote,0.01185659035372996
IN,man,0.013493366987812398
IN,mch,0.010239038536157005
IN,dat,0.00707488408553667
IN,amd,0.030619895214070256
IN,oil,0.06535223583244111
IN,hos,0.013775239713991276
IN,rnt,0.02075752842947717
IN,pla,0.006741400322796694
IN,fof,0.02313797803255031
IN,fin,0.004059401204152343
IN,tsv,0.006401685870789181
IN,nrs,0.01438773974743324
IN,sec,0.007438970336112668
IN,art,0.01592277221546427
IN,mov,0.024866348620334183
IN,fpd,0.005834523825418231
IN,pri,0.010540540540540542
IN,grd,0.012819223808566258
IN,pip,0.06340951381268191
IN,osv,0.015213538123165301
IN,trn,0.01873704353372668
IN,smn,0.028065933494527212
IN,fmt,0.008581501066889322
IN,pet,0.006708718046484415
IN,mvt,0.00871390424786676
IN,cep,0.024536149189888803
IN,wst,0.015992775162487732
IN,mot,0.0060288476476141545
IN,adm,0.00402454657302123
IN,soc,0.004983923411057945
IN,alt,0.017226341037941562
IN,pmt,0.009911456224401677
IN,trk,0.009952407817269164
IN,gmt,0.010919638286981745
IN,wtt,0.02411757316919985
IN,wpd,0.004717561383653987
IN,wht,0.006745265637997691
IN,wrh,0.005934718100890208
IN,ott,0.01265103928844139
IN,che,0.01817486258867742
IN,air,0.023724731769102756
IN,mmf,0.010472673136934924
IN,otr,0.007593705823995773
IN,min,0.02821708450054963
IA,ppd,0.009964383715642039
IA,res,0.0051184134690044686
IA,com,0.0039885804812040005
IA,amb,0.007610579155737594
IA,fbp,0.0073852937469549304
IA,rec,0.027744696444229236
IA,con,0.005369684867155419
IA,agr,0.022023271877158492
IA,eec,0.009131522013992302
IA,pub,0.011543215592802704
IA,hou,0.11821964299551649
IA,fbt,0.012325868703937747
IA,ins,0.006689957194655068
IA,tex,0.013218809716120645
IA,leg,0.0037403768557777287
IA,uti,0.06692969034350915
IA,nmp,0.011431719578541423
IA,brd,0.004135735000997167
IA,bnk,0.01640381384926072
IA,ore,0.020647870728729912
IA,edu,0.02643251002857642
IA,ote,0.01185659035372996
IA,man,0.013493366987812398
IA,mch,0.010239038536157005
IA,dat,0.00707488408553667
IA,amd,0.030619895214070256
IA,oil,0.06535223583244111
IA,hos,0.013775239713991276
IA,rnt,0.02075752842947717
IA,pla,0.006741400322796694
IA,fof,0.02313797803255031
IA,fin,0.004059401204152343
IA,tsv,0.006401685870789181
IA,nrs,0.01438773974743324
IA,sec,0.007438970336112668
IA,art,0.01592277221546427
IA,mov,0.024866348620334183
IA,fpd,0.005834523825418231
IA,pri,0.010540540540540542
IA,grd,0.012819223808566258
IA,pip,0.06340951381268191
IA,osv,0.015213538123165301
IA,trn,0.01873704353372668
IA,smn,0.028065933494527212
IA,fmt,0.008581501066889322
IA,pet,0.006708718046484415
IA,mvt,0.00871390424786676
IA,cep,0.024536149189888803
IA,wst,0.015992775162487732
IA,mot,0.0060288476476141545
IA,adm,0.00402454657302123
IA,soc,0.004983923411057945
IA,alt,0.017226341037941562
IA,pmt,0.009911456224401677
IA,trk,0.009952407817269164
IA,gmt,0.010919638286981745
IA,wtt,0.02411757316919985
IA,wpd,0.004717561383653987
IA,wht,0.006745265637997691
IA,wrh,0.005934718100890208
IA,ott,0.01265103928844139
IA,che,0.01817486258867742
IA,air,0.023724731769102756
IA,mmf,0.010472673136934924
IA,otr,0.007593705823995773
IA,min,0.02821708450054963
KS,ppd,0.009964383715642039
KS,res,0.0051184134690044686
KS,com,0.0039885804812040005
KS,amb,0.007610579155737594
KS,fbp,0.0073852937469549304
KS,rec,0.027744696444229236
KS,con,0.005369684867155419
KS,agr,0.022023271877158492
KS,eec,0.009131522013992302
KS,pub,0.011543215592802704
KS,hou,0.11821964299551649
KS,fbt,0.012325868703937747
KS,ins,0.006689957194655068
KS,tex,0.013218809716120645
KS,leg,0.0037403768557777287
KS,uti,0.06692969034350915
KS,nmp,0.011431719578541423
KS,brd,0.004135735000997167
KS,bnk,0.01640381384926072
KS,ore,0.020647870728729912
KS,edu,0.02643251002857642
KS,ote,0.01185659035372996
KS,man,0.013493366987812398
KS,mch,0.010239038536157005
KS,dat,0.00707488408553667
KS,amd,0.030619895214070256
KS,oil,0.06535223583244111
KS,hos,0.013775239713991276
KS,rnt,0.02075752842947717
KS,pla,0.006741400322796694
KS,fof,0.02313797803255031
KS,fin,0.004059401204152343
KS,tsv,0.006401685870789181
KS,nrs,0.01438773974743324
KS,sec,0.007438970336112668
KS,art,0.01592277221546427
KS,mov,0.024866348620334183
KS,fpd,0.005834523825418231
KS,pri,0.010540540540540542
KS,grd,0.012819223808566258
KS,pip,0.06340951381268191
KS,osv,0.015213538123165301
KS,trn,0.01873704353372668
KS,smn,0.028065933494527212
KS,fmt,0.008581501066889322
KS,pet,0.006708718046484415
KS,mvt,0.00871390424786676
KS,cep,0.024536149189888803
KS,wst,0.015992775162487732
KS,mot,0.0060288476476141545
KS,adm,0.00402454657302123
KS,soc,0.004983923411057945
KS,alt,0.017226341037941562
KS,pmt,0.009911456224401677
KS,trk,0.009952407817269164
KS,gmt,0.010919638286981745
KS,wtt,0.02411757316919985
KS,wpd,0.004717561383653987
KS,wht,0.006745265637997691
KS,wrh,0.005934718100890208
KS,ott,0.01265103928844139
KS,che,0.01817486258867742
KS,air,0.023724731769102756
KS,mmf,0.010472673136934924
KS,otr,0.007593705823995773
KS,min,0.02821708450054963
KY,ppd,0.009964383715642039
KY,res,0.0051184134690044686
KY,com,0.0039885804812040005
KY,amb,0.007610579155737594
KY,fbp,0.0073852937469549304
KY,rec,0.027744696444229236
KY,con,0.005369684867155419
KY,agr,0.022023271877158492
KY,eec,0.009131522013992302
KY,pub,0.011543215592802704
KY,hou,0.11821964299551649
KY,fbt,0.012325868703937747
KY,ins,0.006689957194655068
KY,tex,0.013218809716120645
KY,leg,0.0037403768557777287
KY,uti,0.06692969034350915
KY,nmp,0.011431719578541423
KY,brd,0.004135735000997167
KY,bnk,0.01640381384926072
KY,ore,0.020647870728729912
KY,edu,0.02643251002857642
KY,ote,0.01185659035372996
KY,man,0.013493366987812398
KY,mch,0.010239038536157005
KY,dat,0.00707488408553667
KY,amd,0.030619895214070256
KY,oil,0.06535223583244111
KY,hos,0.013775239713991276
KY,rnt,0.02075752842947717
KY,pla,0.006741400322796694
KY,fof,0.02313797803255031
KY,fin,0.004059401204152343
KY,tsv,0.006401685870789181
KY,nrs,0.01438773974743324
KY,sec,0.007438970336112668
KY,art,0.01592277221546427
KY,mov,0.024866348620334183
KY,fpd,0.005834523825418231
KY,pri,0.010540540540540542
KY,grd,0.012819223808566258
KY,pip,0.06340951381268191
KY,osv,0.015213538123165301
KY,trn,0.01873704353372668
KY,smn,0.028065933494527212
KY,fmt,0.008581501066889322
KY,pet,0.006708718046484415
KY,mvt,0.00871390424786676
KY,cep,0.024536149189888803
KY,wst,0.015992775162487732
KY,mot,0.0060288476476141545
KY,adm,0.00402454657302123
KY,soc,0.004983923411057945
KY,alt,0.017226341037941562
KY,pmt,0.009911456224401677
KY,trk,0.009952407817269164
KY,gmt,0.010919638286981745
KY,wtt,0.02411757316919985
KY,wpd,0.004717561383653987
KY,wht,0.006745265637997691
KY,wrh,0.005934718100890208
KY,ott,0.01265103928844139
KY,che,0.01817486258867742
KY,air,0.023724731769102756
KY,mmf,0.010472673136934924
KY,otr,0.007593705823995773
KY,min,0.02821708450054963
LA,ppd,0.009964383715642039
LA,res,0.0051184134690044686
LA,com,0.0039885804812040005
LA,amb,0.007610579155737594
LA,fbp,0.0073852937469549304
LA,rec,0.027744696444229236
LA,con,0.005369684867155419
LA,agr,0.022023271877158492
LA,eec,0.009131522013992302
LA,pub,0.011543215592802704
LA,hou,0.11821964299551649
LA,fbt,0.012325868703937747
LA,ins,0.006689957194655068
LA,tex,0.013218809716120645
LA,leg,0.0037403768557777287
LA,uti,0.06692969034350915
LA,nmp,0.011431719578541423
LA,brd,0.004135735000997167
LA,bnk,0.01640381384926072
LA,ore,0.020647870728729912
LA,edu,0.02643251002857642
LA,ote,0.01185659035372996
LA,man,0.013493366987812398
LA,mch,0.010239038536157005
LA,dat,0.00707488408553667
LA,amd,0.030619895214070256
LA,oil,0.06535223583244111
LA,hos,0.013775239713991276
LA,rnt,0.02075752842947717
LA,pla,0.006741400322796694
LA,fof,0.02313797803255031
LA,fin,0.004059401204152343
LA,tsv,0.006401685870789181
LA,nrs,0.01438773974743324
LA,sec,0.007438970336112668
LA,art,0.01592277221546427
LA,mov,0.024866348620334183
LA,fpd,0.005834523825418231
LA,pri,0.010540540540540542
LA,grd,0.012819223808566258
LA,pip,0.06340951381268191
LA,osv,0.015213538123165301
LA,trn,0.01873704353372668
LA,smn,0.028065933494527212
LA,fmt,0.008581501066889322
LA,pet,0.006708718046484415
LA,mvt,0.00871390424786676
LA,cep,0.024536149189888803
LA,wst,0.015992775162487732
LA,mot,0.0060288476476141545
LA,adm,0.00402454657302123
LA,soc,0.004983923411057945
LA,alt,0.017226341037941562
LA,pmt,0.009911456224401677
LA,trk,0.009952407817269164
LA,gmt,0.010919638286981745
LA,wtt,0.02411757316919985
LA,wpd,0.004717561383653987
LA,wht,0.006745265637997691
LA,wrh,0.005934718100890208
LA,ott,0.01265103928844139
LA,che,0.01817486258867742
LA,air,0.023724731769102756
LA,mmf,0.010472673136934924
LA,otr,0.007593705823995773
LA,min,0.02821708450054963
ME,ppd,0.009964383715642039
ME,res,0.0051184134690044686
ME,com,0.0039885804812040005
ME,amb,0.007610579155737594
ME,fbp,0.0073852937469549304
ME,rec,0.027744696444229236
ME,con,0.005369684867155419
ME,agr,0.022023271877158492
ME,eec,0.009131522013992302
ME,pub,0.011543215592802704
ME,hou,0.11821964299551649
ME,fbt,0.012325868703937747
ME,ins,0.006689957194655068
ME,tex,0.013218809716120645
ME,leg,0.0037403768557777287
ME,uti,0.06692969034350915
ME,nmp,0.011431719578541423
ME,brd,0.004135735000997167
ME,bnk,0.01640381384926072
ME,ore,0.020647870728729912
ME,edu,0.02643251002857642
ME,ote,0.01185659035372996
ME,man,0.013493366987812398
ME,mch,0.010239038536157005
ME,dat,0.00707488408553667
ME,amd,0.030619895214070256
ME,oil,0.06535223583244111
ME,hos,0.013775239713991276
ME,rnt,0.02075752842947717
ME,pla,0.006741400322796694
ME,fof,0.02313797803255031
ME,fin,0.004059401204152343
ME,tsv,0.006401685870789181
ME,nrs,0.01438773974743324
ME,sec,0.007438970336112668
ME,art,0.01592277221546427
ME,mov,0.024866348620334183
ME,fpd,0.005834523825418231
ME,pri,0.010540540540540542
ME,grd,0.012819223808566258
ME,pip,0.06340951381268191
ME,osv,0.015213538123165301
ME,trn,0.01873704353372668
ME,smn,0.028065933494527212
ME,fmt,0.008581501066889322
ME,pet,0.006708718046484415
ME,mvt,0.00871390424786676
ME,cep,0.024536149189888803
ME,wst,0.015992775162487732
ME,mot,0.0060288476476141545
ME,adm,0.00402454657302123
ME,soc,0.004983923411057945
ME,alt,0.017226341037941562
ME,pmt,0.009911456224401677
ME,trk,0.009952407817269164
ME,gmt,0.010919638286981745
ME,wtt,0.02411757316919985
ME,wpd,0.004717561383653987
ME,wht,0.006745265637997691
ME,wrh,0.005934718100890208
ME,ott,0.01265103928844139
ME,che,0.01817486258867742
ME,air,0.023724731769102756
ME,mmf,0.010472673136934924
ME,otr,0.007593705823995773
ME,min,0.02821708450054963
MD,ppd,0.009964383715642039
MD,res,0.0051184134690044686
MD,com,0.0039885804812040005
MD,amb,0.007610579155737594
MD,fbp,0.0073852937469549304
MD,rec,0.027744696444229236
MD,con,0.005369684867155419
MD,agr,0.022023271877158492
MD,eec,0.009131522013992302
MD,pub,0.011543215592802704
MD,hou,0.11821964299551649
MD,fbt,0.012325868703937747
MD,ins,0.006689957194655068
MD,tex,0.013218809716120645
MD,leg,0.0037403768557777287
MD,uti,0.06692969034350915
MD,nmp,0.011431719578541423
MD,brd,0.004135735000997167
MD,bnk,0.01640381384926072
MD,ore,0.020647870728729912
MD,edu,0.02643251002857642
MD,ote,0.01185659035372996
MD,man,0.013493366987812398
MD,mch,0.010239038536157005
MD,dat,0.00707488408553667
MD,amd,0.030619895214070256
MD,oil,0.06535223583244111
MD,hos,0.013775239713991276
MD,rnt,0.02075752842947717
MD,pla,0.006741400322796694
MD,fof,0.02313797803255031
MD,fin,0.004059401204152343
MD,tsv,0.006401685870789181
MD,nrs,0.01438773974743324
MD,sec,0.007438970336112668
MD,art,0.01592277221546427
MD,mov,0.024866348620334183
MD,fpd,0.005834523825418231
MD,pri,0.010540540540540542
MD,grd,0.012819223808566258
MD,pip,0.06340951381268191
MD,osv,0.015213538123165301
MD,trn,0.01873704353372668
MD,smn,0.028065933494527212
MD,fmt,0.008581501066889322
MD,pet,0.006708718046484415
MD,mvt,0.00871390424786676
MD,cep,0.024536149189888803
MD,wst,0.015992775162487732
MD,mot,0.0060288476476141545
MD,adm,0.00402454657302123
MD,soc,0.004983923411057945
MD,alt,0.017226341037941562
MD,pmt,0.009911456224401677
MD,trk,0.009952407817269164
MD,gmt,0.010919638286981745
MD,wtt,0.02411757316919985
MD,wpd,0.004717561383653987
MD,wht,0.006745265637997691
MD,wrh,0.005934718100890208
MD,ott,0.01265103928844139
MD,che,0.01817486258867742
MD,air,0.023724731769102756
MD,mmf,0.010472673136934924
MD,otr,0.007593705823995773
MD,min,0.02821708450054963
MA,ppd,0.009964383715642039
MA,res,0.0051184134690044686
MA,com,0.0039885804812040005
MA,amb,0.007610579155737594
MA,fbp,0.0073852937469549304
MA,rec,0.027744696444229236
MA,con,0.005369684867155419
MA,agr,0.022023271877158492
MA,eec,0.009131522013992302
MA,pub,0.011543215592802704
MA,hou,0.11821964299551649
MA,fbt,0.012325868703937747
MA,ins,0.006689957194655068
MA,tex,0.013218809716120645
MA,leg,0.0037403768557777287
MA,uti,0.06692969034350915
MA,nmp,0.011431719578541423
MA,brd,0.004135735000997167
MA,bnk,0.01640381384926072
MA,ore,0.020647870728729912
MA,edu,0.02643251002857642
MA,ote,0.01185659035372996
MA,man,0.013493366987812398
MA,mch,0.010239038536157005
MA,dat,0.00707488408553667
MA,amd,0.030619895214070256
MA,oil,0.06535223583244111
MA,hos,0.013775239713991276
MA,rnt,0.02075752842947717
MA,pla,0.006741400322796694
MA,fof,0.02313797803255031
MA,fin,0.004059401204152343
MA,tsv,0.006401685870789181
MA,nrs,0.01438773974743324
MA,sec,0.007438970336112668
MA,art,0.01592277221546427
MA,mov,0.024866348620334183
MA,fpd,0.005834523825418231
MA,pri,0.010540540540540542
MA,grd,0.012819223808566258
MA,pip,0.06340951381268191
MA,osv,0.015213538123165301
MA,trn,0.01873704353372668
MA,smn,0.028065933494527212
MA,fmt,0.008581501066889322
MA,pet,0.006708718046484415
MA,mvt,0.00871390424786676
MA,cep,0.024536149189888803
MA,wst,0.015992775162487732
MA,mot,0.0060288476476141545
MA,adm,0.00402454657302123
MA,soc,0.004983923411057945
MA,alt,0.017226341037941562
MA,pmt,0.009911456224401677
MA,trk,0.009952407817269164
MA,gmt,0.010919638286981745
MA,wtt,0.02411757316919985
MA,wpd,0.004717561383653987
MA,wht,0.006745265637997691
MA,wrh,0.005934718100890208
MA,ott,0.01265103928844139
MA,che,0.01817486258867742
MA,air,0.023724731769102756
MA,mmf,0.010472673136934924
MA,otr,0.007593705823995773
MA,min,0.02821708450054963
MI,ppd,0.009964383715642039
MI,res,0.0051184134690044686
MI,com,0.0039885804812040005
MI,amb,0.007610579155737594
MI,fbp,0.0073852937469549304
MI,rec,0.027744696444229236
MI,con,0.005369684867155419
MI,agr,0.022023271877158492
MI,eec,0.009131522013992302
MI,pub,0.011543215592802704
MI,hou,0.11821964299551649
MI,fbt,0.012325868703937747
MI,ins,0.006689957194655068
MI,tex,0.013218809716120645
MI,leg,0.0037403768557777287
MI,uti,0.06692969034350915
MI,nmp,0.011431719578541423
MI,brd,0.004135735000997167
MI,bnk,0.01640381384926072
MI,ore,0.020647870728729912
MI,edu,0.02643251002857642
MI,ote,0.01185659035372996
MI,man,0.013493366987812398
MI,mch,0.010239038536157005
MI,dat,0.00707488408553667
MI,amd,0.030619895214070256
MI,oil,0.06535223583244111
MI,hos,0.013775239713991276
MI,rnt,0.02075752842947717
MI,pla,0.006741400322796694
MI,fof,0.02313797803255031
MI,fin,0.004059401204152343
MI,tsv,0.006401685870789181
MI,nrs,0.01438773974743324
MI,sec,0.007438970336112668
MI,art,0.01592277221546427
MI,mov,0.024866348620334183
MI,fpd,0.005834523825418231
MI,pri,0.010540540540540542
MI,grd,0.012819223808566258
MI,pip,0.06340951381268191
MI,osv,0.015213538123165301
MI,trn,0.01873704353372668
MI,smn,0.028065933494527212
MI,fmt,0.008581501066889322
MI,pet,0.006708718046484415
MI,mvt,0.00871390424786676
MI,cep,0.024536149189888803
MI,wst,0.015992775162487732
MI,mot,0.0060288476476141545
MI,adm,0.00402454657302123
MI,soc,0.004983923411057945
MI,alt,0.017226341037941562
MI,pmt,0.009911456224401677
MI,trk,0.009952407817269164
MI,gmt,0.010919638286981745
MI,wtt,0.02411757316919985
MI,wpd,0.004717561383653987
MI,wht,0.006745265637997691
MI,wrh,0.005934718100890208
MI,ott,0.01265103928844139
MI,che,0.01817486258867742
MI,air,0.023724731769102756
MI,mmf,0.010472673136934924
MI,otr,0.007593705823995773
MI,min,0.02821708450054963
MN,ppd,0.009964383715642039
MN,res,0.0051184134690044686
MN,com,0.0039885804812040005
MN,amb,0.007610579155737594
MN,fbp,0.0073852937469549304
MN,rec,0.027744696444229236
MN,con,0.005369684867155419
MN,agr,0.022023271877158492
MN,eec,0.009131522013992302
MN,pub,0.011543215592802704
MN,hou,0.11821964299551649
MN,fbt,0.012325868703937747
MN,ins,0.006689957194655068
MN,tex,0.013218809716120645
MN,leg,0.0037403768557777287
MN,uti,0.06692969034350915
MN,nmp,0.011431719578541423
MN,brd,0.004135735000997167
MN,bnk,0.01640381384926072
MN,ore,0.020647870728729912
MN,edu,0.02643251002857642
MN,ote,0.01185659035372996
MN,man,0.013493366987812398
MN,mch,0.010239038536157005
MN,dat,0.00707488408553667
MN,amd,0.030619895214070256
MN,oil,0.06535223583244111
MN,hos,0.013775239713991276
MN,rnt,0.02075752842947717
MN,pla,0.006741400322796694
MN,fof,0.02313797803255031
MN,fin,0.004059401204152343
MN,tsv,0.006401685870789181
MN,nrs,0.01438773974743324
MN,sec,0.007438970336112668
MN,art,0.01592277221546427
MN,mov,0.024866348620334183
MN,fpd,0.005834523825418231
MN,pri,0.010540540540540542
MN,grd,0.012819223808566258
MN,pip,0.06340951381268191
MN,osv,0.015213538123165301
MN,trn,0.01873704353372668
MN,smn,0.028065933494527212
MN,fmt,0.008581501066889322
MN,pet,0.006708718046484415
MN,mvt,0.00871390424786676
MN,cep,0.024536149189888803
MN,wst,0.015992775162487732
MN,mot,0.0060288476476141545
MN,adm,0.00402454657302123
MN,soc,0.004983923411057945
MN,alt,0.017226341037941562
MN,pmt,0.009911456224401677
MN,trk,0.009952407817269164
MN,gmt,0.010919638286981745
MN,wtt,0.02411757316919985
MN,wpd,0.004717561383653987
MN,wht,0.006745265637997691
MN,wrh,0.005934718100890208
MN,ott,0.01265103928844139
MN,che,0.01817486258867742
MN,air,0.023724731769102756
MN,mmf,0.010472673136934924
MN,otr,0.007593705823995773
MN,min,0.02821708450054963
MS,ppd,0.009964383715642039
MS,res,0.0051184134690044686
MS,com,0.0039885804812040005
MS,amb,0.007610579155737594
MS,fbp,0.0073852937469549304
MS,rec,0.027744696444229236
MS,con,0.005369684867155419
MS,agr,0.022023271877158492
MS,eec,0.009131522013992302
MS,pub,0.011543215592802704
MS,hou,0.11821964299551649
MS,fbt,0.012325868703937747
MS,ins,0.006689957194655068
MS,tex,0.013218809716120645
MS,leg,0.0037403768557777287
MS,uti,0.06692969034350915
MS,nmp,0.011431719578541423
MS,brd,0.004135735000997167
MS,bnk,0.01640381384926072
MS,ore,0.020647870728729912
MS,edu,0.02643251002857642
MS,ote,0.01185659035372996
MS,man,0.013493366987812398
MS,mch,0.010239038536157005
MS,dat,0.00707488408553667
MS,amd,0.030619895214070256
MS,oil,0.06535223583244111
MS,hos,0.013775239713991276
MS,rnt,0.02075752842947717
MS,pla,0.006741400322796694
MS,fof,0.02313797803255031
MS,fin,0.004059401204152343
MS,tsv,0.006401685870789181
MS,nrs,0.01438773974743324
MS,sec,0.007438970336112668
MS,art,0.01592277221546427
MS,mov,0.024866348620334183
MS,fpd,0.005834523825418231
MS,pri,0.010540540540540542
MS,grd,0.012819223808566258
MS,pip,0.06340951381268191
MS,osv,0.015213538123165301
MS,trn,0.01873704353372668
MS,smn,0.028065933494527212
MS,fmt,0.008581501066889322
MS,pet,0.006708718046484415
MS,mvt,0.00871390424786676
MS,cep,0.024536149189888803
MS,wst,0.015992775162487732
MS,mot,0.0060288476476141545
MS,adm,0.00402454657302123
MS,soc,0.004983923411057945
MS,alt,0.017226341037941562
MS,pmt,0.009911456224401677
MS,trk,0.009952407817269164
MS,gmt,0.010919638286981745
MS,wtt,0.02411757316919985
MS,wpd,0.004717561383653987
MS,wht,0.006745265637997691
MS,wrh,0.005934718100890208
MS,ott,0.01265103928844139
MS,che,0.01817486258867742
MS,air,0.023724731769102756
MS,mmf,0.010472673136934924
MS,otr,0.007593705823995773
MS,min,0.02821708450054963
MO,ppd,0.009964383715642039
MO,res,0.0051184134690044686
MO,com,0.0039885804812040005
MO,amb,0.007610579155737594
MO,fbp,0.0073852937469549304
MO,rec,0.027744696444229236
MO,con,0.005369684867155419
MO,agr,0.022023271877158492
MO,eec,0.009131522013992302
MO,pub,0.011543215592802704
MO,hou,0.11821964299551649
MO,fbt,0.012325868703937747
MO,ins,0.006689957194655068
MO,tex,0.013218809716120645
MO,leg,0.0037403768557777287
MO,uti,0.06692969034350915
MO,nmp,0.011431719578541423
MO,brd,0.004135735000997167
MO,bnk,0.01640381384926072
MO,ore,0.020647870728729912
MO,edu,0.02643251002857642
MO,ote,0.01185659035372996
MO,man,0.013493366987812398
MO,mch,0.010239038536157005
MO,dat,0.00707488408553667
MO,amd,0.030619895214070256
MO,oil,0.06535223583244111
MO,hos,0.013775239713991276
MO,rnt,0.02075752842947717
MO,pla,0.006741400322796694
MO,fof,0.02313797803255031
MO,fin,0.004059401204152343
MO,tsv,0.006401685870789181
MO,nrs,0.01438773974743324
MO,sec,0.007438970336112668
MO,art,0.01592277221546427
MO,mov,0.024866348620334183
MO,fpd,0.005834523825418231
MO,pri,0.010540540540540542
MO,grd,0.012819223808566258
MO,pip,0.06340951381268191
MO,osv,0.015213538123165301
MO,trn,0.01873704353372668
MO,smn,0.028065933494527212
MO,fmt,0.008581501066889322
MO,pet,0.006708718046484415
MO,mvt,0.00871390424786676
MO,cep,0.024536149189888803
MO,wst,0.015992775162487732
MO,mot,0.0060288476476141545
MO,adm,0.00402454657302123
MO,soc,0.004983923411057945
MO,alt,0.017226341037941562
MO,pmt,0.009911456224401677
MO,trk,0.009952407817269164
MO,gmt,0.010919638286981745
MO,wtt,0.02411757316919985
MO,wpd,0.004717561383653987
MO,wht,0.006745265637997691
MO,wrh,0.005934718100890208
MO,ott,0.01265103928844139
MO,che,0.01817486258867742
MO,air,0.023724731769102756
MO,mmf,0.010472673136934924
MO,otr,0.007593705823995773
MO,min,0.02821708450054963
MT,ppd,0.009964383715642039
MT,res,0.0051184134690044686
MT,com,0.0039885804812040005
MT,amb,0.007610579155737594
MT,fbp,0.0073852937469549304
MT,rec,0.027744696444229236
MT,con,0.005369684867155419
MT,agr,0.022023271877158492
MT,eec,0.009131522013992302
MT,pub,0.011543215592802704
MT,hou,0.11821964299551649
MT,fbt,0.012325868703937747
MT,ins,0.006689957194655068
MT,tex,0.013218809716120645
MT,leg,0.0037403768557777287
MT,uti,0.06692969034350915
MT,nmp,0.011431719578541423
MT,brd,0.004135735000997167
MT,bnk,0.01640381384926072
MT,ore,0.020647870728729912
MT,edu,0.02643251002857642
MT,ote,0.01185659035372996
MT,man,0.013493366987812398
MT,mch,0.010239038536157005
MT,dat,0.00707488408553667
MT,amd,0.030619895214070256
MT,oil,0.06535223583244111
MT,hos,0.013775239713991276
MT,rnt,0.02075752842947717
MT,pla,0.006741400322796694
MT,fof,0.02313797803255031
MT,fin,0.004059401204152343
MT,tsv,0.006401685870789181
MT,nrs,0.01438773974743324
MT,sec,0.007438970336112668
MT,art,0.01592277221546427
MT,mov,0.024866348620334183
MT,fpd,0.005834523825418231
MT,pri,0.010540540540540542
MT,grd,0.012819223808566258
MT,pip,0.06340951381268191
MT,osv,0.015213538123165301
MT,trn,0.01873704353372668
MT,smn,0.028065933494527212
MT,fmt,0.008581501066889322
MT,pet,0.006708718046484415
MT,mvt,0.00871390424786676
MT,cep,0.024536149189888803
MT,wst,0.015992775162487732
MT,mot,0.0060288476476141545
MT,adm,0.00402454657302123
MT,soc,0.004983923411057945
MT,alt,0.017226341037941562
MT,pmt,0.009911456224401677
MT,trk,0.009952407817269164
MT,gmt,0.010919638286981745
MT,wtt,0.02411757316919985
MT,wpd,0.004717561383653987
MT,wht,0.006745265637997691
MT,wrh,0.005934718100890208
MT,ott,0.01265103928844139
MT,che,0.01817486258867742
MT,air,0.023724731769102756
MT,mmf,0.010472673136934924
MT,otr,0.007593705823995773
MT,min,0.02821708450054963
NE,ppd,0.009964383715642039
NE,res,0.0051184134690044686
NE,com,0.0039885804812040005
NE,amb,0.007610579155737594
NE,fbp,0.0073852937469549304
NE,rec,0.027744696444229236
NE,con,0.005369684867155419
NE,agr,0.022023271877158492
NE,eec,0.009131522013992302
NE,pub,0.011543215592802704
NE,hou,0.11821964299551649
NE,fbt,0.012325868703937747
NE,ins,0.006689957194655068
NE,tex,0.013218809716120645
NE,leg,0.0037403768557777287
NE,uti,0.06692969034350915
NE,nmp,0.011431719578541423
NE,brd,0.004135735000997167
NE,bnk,0.01640381384926072
NE,ore,0.020647870728729912
NE,edu,0.02643251002857642
NE,ote,0.01185659035372996
NE,man,0.013493366987812398
NE,mch,0.010239038536157005
NE,dat,0.00707488408553667
NE,amd,0.030619895214070256
NE,oil,0.06535223583244111
NE,hos,0.013775239713991276
NE,rnt,0.02075752842947717
NE,pla,0.006741400322796694
NE,fof,0.02313797803255031
NE,fin,0.004059401204152343
NE,tsv,0.006401685870789181
NE,nrs,0.01438773974743324
NE,sec,0.007438970336112668
NE,art,0.01592277221546427
NE,mov,0.024866348620334183
NE,fpd,0.005834523825418231
NE,pri,0.010540540540540542
NE,grd,0.012819223808566258
NE,pip,0.06340951381268191
NE,osv,0.015213538123165301
NE,trn,0.01873704353372668
NE,smn,0.028065933494527212
NE,fmt,0.008581501066889322
NE,pet,0.006708718046484415
NE,mvt,0.00871390424786676
NE,cep,0.024536149189888803
NE,wst,0.015992775162487732
NE,mot,0.0060288476476141545
NE,adm,0.00402454657302123
NE,soc,0.004983923411057945
NE,alt,0.017226341037941562
NE,pmt,0.009911456224401677
NE,trk,0.009952407817269164
NE,gmt,0.010919638286981745
NE,wtt,0.02411757316919985
NE,wpd,0.004717561383653987
NE,wht,0.006745265637997691
NE,wrh,0.005934718100890208
NE,ott,0.01265103928844139
NE,che,0.01817486258867742
NE,air,0.023724731769102756
NE,mmf,0.010472673136934924
NE,otr,0.007593705823995773
NE,min,0.02821708450054963
NV,ppd,0.009964383715642039
NV,res,0.0051184134690044686
NV,com,0.0039885804812040005
NV,amb,0.007610579155737594
NV,fbp,0.0073852937469549304
NV,rec,0.027744696444229236
NV,con,0.005369684867155419
NV,agr,0.022023271877158492
NV,eec,0.009131522013992302
NV,pub,0.011543215592802704
NV,hou,0.11821964299551649
NV,fbt,0.012325868703937747
NV,ins,0.006689957194655068
NV,tex,0.013218809716120645
NV,leg,0.0037403768557777287
NV,uti,0.06692969034350915
NV,nmp,0.011431719578541423
NV,brd,0.004135735000997167
NV,bnk,0.01640381384926072
NV,ore,0.020647870728729912
NV,edu,0.02643251002857642
NV,ote,0.01185659035372996
NV,man,0.013493366987812398
NV,mch,0.010239038536157005
NV,dat,0.00707488408553667
NV,amd,0.030619895214070256
NV,oil,0.06535223583244111
NV,hos,0.013775239713991276
NV,rnt,0.02075752842947717
NV,pla,0.006741400322796694
NV,fof,0.02313797803255031
NV,fin,0.004059401204152343
NV,tsv,0.006401685870789181
NV,nrs,0.01438773974743324
NV,sec,0.007438970336112668
NV,art,0.01592277221546427
NV,mov,0.024866348620334183
NV,fpd,0.005834523825418231
NV,pri,0.010540540540540542
NV,grd,0.012819223808566258
NV,pip,0.06340951381268191
NV,osv,0.015213538123165301
NV,trn,0.01873704353372668
NV,smn,0.028065933494527212
NV,fmt,0.008581501066889322
NV,pet,0.006708718046484415
NV,mvt,0.00871390424786676
NV,cep,0.024536149189888803
NV,wst,0.015992775162487732
NV,mot,0.0060288476476141545
NV,adm,0.00402454657302123
NV,soc,0.004983923411057945
NV,alt,0.017226341037941562
NV,pmt,0.009911456224401677
NV,trk,0.009952407817269164
NV,gmt,0.010919638286981745
NV,wtt,0.02411757316919985
NV,wpd,0.004717561383653987
NV,wht,0.006745265637997691
NV,wrh,0.005934718100890208
NV,ott,0.01265103928844139
NV,che,0.01817486258867742
NV,air,0.023724731769102756
NV,mmf,0.010472673136934924
NV,otr,0.007593705823995773
NV,min,0.02821708450054963
NH,ppd,0.009964383715642039
NH,res,0.0051184134690044686
NH,com,0.0039885804812040005
NH,amb,0.007610579155737594
NH,fbp,0.0073852937469549304
NH,rec,0.027744696444229236
NH,con,0.005369684867155419
NH,agr,0.022023271877158492
NH,eec,0.009131522013992302
NH,pub,0.011543215592802704
NH,hou,0.11821964299551649
NH,fbt,0.012325868703937747
NH,ins,0.006689957194655068
NH,tex,0.013218809716120645
NH,leg,0.0037403768557777287
NH,uti,0.06692969034350915
NH,nmp,0.011431719578541423
NH,brd,0.004135735000997167
NH,bnk,0.01640381384926072
NH,ore,0.020647870728729912
NH,edu,0.02643251002857642
NH,ote,0.01185659035372996
NH,man,0.013493366987812398
NH,mch,0.010239038536157005
NH,dat,0.00707488408553667
NH,amd,0.030619895214070256
NH,oil,0.06535223583244111
NH,hos,0.013775239713991276
NH,rnt,0.02075752842947717
NH,pla,0.006741400322796694
NH,fof,0.02313797803255031
NH,fin,0.004059401204152343
NH,tsv,0.006401685870789181
NH,nrs,0.01438773974743324
NH,sec,0.007438970336112668
NH,art,0.01592277221546427
NH,mov,0.024866348620334183
NH,fpd,0.005834523825418231
NH,pri,0.010540540540540542
NH,grd,0.012819223808566258
NH,pip,0.06340951381268191
NH,osv,0.015213538123165301
NH,trn,0.01873704353372668
NH,smn,0.028065933494527212
NH,fmt,0.008581501066889322
NH,pet,0.006708718046484415
NH,mvt,0.00871390424786676
NH,cep,0.024536149189888803
NH,wst,0.015992775162487732
NH,mot,0.0060288476476141545
NH,adm,0.00402454657302123
NH,soc,0.004983923411057945
NH,alt,0.017226341037941562
NH,pmt,0.009911456224401677
NH,trk,0.009952407817269164
NH,gmt,0.010919638286981745
NH,wtt,0.02411757316919985
NH,wpd,0.004717561383653987
NH,wht,0.006745265637997691
NH,wrh,0.005934718100890208
NH,ott,0.01265103928844139
NH,che,0.01817486258867742
NH,air,0.023724731769102756
NH,mmf,0.010472673136934924
NH,otr,0.007593705823995773
NH,min,0.02821708450054963
NJ,ppd,0.009964383715642039
NJ,res,0.0051184134690044686
NJ,com,0.0039885804812040005
NJ,amb,0.007610579155737594
NJ,fbp,0.0073852937469549304
NJ,rec,0.027744696444229236
NJ,con,0.005369684867155419
NJ,agr,0.022023271877158492
NJ,eec,0.009131522013992302
NJ,pub,0.011543215592802704
NJ,hou,0.11821964299551649
NJ,fbt,0.012325868703937747
NJ,ins,0.006689957194655068
NJ,tex,0.013218809716120645
NJ,leg,0.0037403768557777287
NJ,uti,0.06692969034350915
NJ,nmp,0.011431719578541423
NJ,brd,0.004135735000997167
NJ,bnk,0.01640381384926072
NJ,ore,0.020647870728729912
NJ,edu,0.02643251002857642
NJ,ote,0.01185659035372996
NJ,man,0.013493366987812398
NJ,mch,0.010239038536157005
NJ,dat,0.00707488408553667
NJ,amd,0.030619895214070256
NJ,oil,0.06535223583244111
NJ,hos,0.013775239713991276
NJ,rnt,0.02075752842947717
NJ,pla,0.006741400322796694
NJ,fof,0.02313797803255031
NJ,fin,0.004059401204152343
NJ,tsv,0.006401685870789181
NJ,nrs,0.01438773974743324
NJ,sec,0.007438970336112668
NJ,art,0.01592277221546427
NJ,mov,0.024866348620334183
NJ,fpd,0.005834523825418231
NJ,pri,0.010540540540540542
NJ,grd,0.012819223808566258
NJ,pip,0.06340951381268191
NJ,osv,0.015213538123165301
NJ,trn,0.01873704353372668
NJ,smn,0.028065933494527212
NJ,fmt,0.008581501066889322
NJ,pet,0.006708718046484415
NJ,mvt,0.00871390424786676
NJ,cep,0.024536149189888803
NJ,wst,0.015992775162487732
NJ,mot,0.0060288476476141545
NJ,adm,0.00402454657302123
NJ,soc,0.004983923411057945
NJ,alt,0.017226341037941562
NJ,pmt,0.009911456224401677
NJ,trk,0.009952407817269164
NJ,gmt,0.010919638286981745
NJ,wtt,0.02411757316919985
NJ,wpd,0.004717561383653987
NJ,wht,0.006745265637997691
NJ,wrh,0.005934718100890208
NJ,ott,0.01265103928844139
NJ,che,0.01817486258867742
NJ,air,0.023724731769102756
NJ,mmf,0.010472673136934924
NJ,otr,0.007593705823995773
NJ,min,0.02821708450054963
NM,ppd,0.009964383715642039
NM,res,0.0051184134690044686
NM,com,0.0039885804812040005
NM,amb,0.007610579155737594
NM,fbp,0.0073852937469549304
NM,rec,0.027744696444229236
NM,con,0.005369684867155419
NM,agr,0.022023271877158492
NM,eec,0.009131522013992302
NM,pub,0.011543215592802704
NM,hou,0.11821964299551649
NM,fbt,0.012325868703937747
NM,ins,0.006689957194655068
NM,tex,0.013218809716120645
NM,leg,0.0037403768557777287
NM,uti,0.06692969034350915
NM,nmp,0.011431719578541423
NM,brd,0.004135735000997167
NM,bnk,0.01640381384926072
NM,ore,0.020647870728729912
NM,edu,0.02643251002857642
NM,ote,0.01185659035372996
NM,man,0.013493366987812398
NM,mch,0.010239038536157005
NM,dat,0.00707488408553667
NM,amd,0.030619895214070256
NM,oil,0.06535223583244111
NM,hos,0.013775239713991276
NM,rnt,0.02075752842947717
NM,pla,0.006741400322796694
NM,fof,0.02313797803255031
NM,fin,0.004059401204152343
NM,tsv,0.006401685870789181
NM,nrs,0.01438773974743324
NM,sec,0.007438970336112668
NM,art,0.01592277221546427
NM,mov,0.024866348620334183
NM,fpd,0.005834523825418231
NM,pri,0.010540540540540542
NM,grd,0.012819223808566258
NM,pip,0.06340951381268191
NM,osv,0.015213538123165301
NM,trn,0.01873704353372668
NM,smn,0.028065933494527212
NM,fmt,0.008581501066889322
NM,pet,0.006708718046484415
NM,mvt,0.00871390424786676
NM,cep,0.024536149189888803
NM,wst,0.015992775162487732
NM,mot,0.0060288476476141545
NM,adm,0.00402454657302123
NM,soc,0.004983923411057945
NM,alt,0.017226341037941562
NM,pmt,0.009911456224401677
NM,trk,0.009952407817269164
NM,gmt,0.010919638286981745
NM,wtt,0.02411757316919985
NM,wpd,0.004717561383653987
NM,wht,0.006745265637997691
NM,wrh,0.005934718100890208
NM,ott,0.01265103928844139
NM,che,0.01817486258867742
NM,air,0.023724731769102756
NM,mmf,0.010472673136934924
NM,otr,0.007593705823995773
NM,min,0.02821708450054963
NY,ppd,0.009964383715642039
NY,res,0.0051184134690044686
NY,com,0.0039885804812040005
NY,amb,0.007610579155737594
NY,fbp,0.0073852937469549304
NY,rec,0.027744696444229236
NY,con,0.005369684867155419
NY,agr,0.022023271877158492
NY,eec,0.009131522013992302
NY,pub,0.011543215592802704
NY,hou,0.11821964299551649
NY,fbt,0.012325868703937747
NY,ins,0.006689957194655068
NY,tex,0.013218809716120645
NY,leg,0.0037403768557777287
NY,uti,0.06692969034350915
NY,nmp,0.011431719578541423
NY,brd,0.004135735000997167
NY,bnk,0.01640381384926072
NY,ore,0.020647870728729912
NY,edu,0.02643251002857642
NY,ote,0.01185659035372996
NY,man,0.013493366987812398
NY,mch,0.010239038536157005
NY,dat,0.00707488408553667
NY,amd,0.030619895214070256
NY,oil,0.06535223583244111
NY,hos,0.013775239713991276
NY,rnt,0.02075752842947717
NY,pla,0.006741400322796694
NY,fof,0.02313797803255031
NY,fin,0.004059401204152343
NY,tsv,0.006401685870789181
NY,nrs,0.01438773974743324
NY,sec,0.007438970336112668
NY,art,0.01592277221546427
NY,mov,0.024866348620334183
NY,fpd,0.005834523825418231
NY,pri,0.010540540540540542
NY,grd,0.012819223808566258
NY,pip,0.06340951381268191
NY,osv,0.015213538123165301
NY,trn,0.01873704353372668
NY,smn,0.028065933494527212
NY,fmt,0.008581501066889322
NY,pet,0.006708718046484415
NY,mvt,0.00871390424786676
NY,cep,0.024536149189888803
NY,wst,0.015992775162487732
NY,mot,0.0060288476476141545
NY,adm,0.00402454657302123
NY,soc,0.004983923411057945
NY,alt,0.017226341037941562
NY,pmt,0.009911456224401677
NY,trk,0.009952407817269164
NY,gmt,0.010919638286981745
NY,wtt,0.02411757316919985
NY,wpd,0.004717561383653987
NY,wht,0.006745265637997691
NY,wrh,0.005934718100890208
NY,ott,0.01265103928844139
NY,che,0.01817486258867742
NY,air,0.023724731769102756
NY,mmf,0.010472673136934924
NY,otr,0.007593705823995773
NY,min,0.02821708450054963
NC,ppd,0.009964383715642039
NC,res,0.0051184134690044686
NC,com,0.0039885804812040005
NC,amb,0.007610579155737594
NC,fbp,0.0073852937469549304
NC,rec,0.027744696444229236
NC,con,0.005369684867155419
NC,agr,0.022023271877158492
NC,eec,0.009131522013992302
NC,pub,0.011543215592802704
NC,hou,0.11821964299551649
NC,fbt,0.012325868703937747
NC,ins,0.006689957194655068
NC,tex,0.013218809716120645
NC,leg,0.0037403768557777287
NC,uti,0.06692969034350915
NC,nmp,0.011431719578541423
NC,brd,0.004135735000997167
NC,bnk,0.01640381384926072
NC,ore,0.020647870728729912
NC,edu,0.02643251002857642
NC,ote,0.01185659035372996
NC,man,0.013493366987812398
NC,mch,0.010239038536157005
NC,dat,0.00707488408553667
NC,amd,0.030619895214070256
NC,oil,0.06535223583244111
NC,hos,0.013775239713991276
NC,rnt,0.02075752842947717
NC,pla,0.006741400322796694
NC,fof,0.02313797803255031
NC,fin,0.004059401204152343
NC,tsv,0.006401685870789181
NC,nrs,0.01438773974743324
NC,sec,0.007438970336112668
NC,art,0.01592277221546427
NC,mov,0.024866348620334183
NC,fpd,0.005834523825418231
NC,pri,0.010540540540540542
NC,grd,0.012819223808566258
NC,pip,0.06340951381268191
NC,osv,0.015213538123165301
NC,trn,0.01873704353372668
NC,smn,0.028065933494527212
NC,fmt,0.008581501066889322
NC,pet,0.006708718046484415
NC,mvt,0.00871390424786676
NC,cep,0.024536149189888803
NC,wst,0.015992775162487732
NC,mot,0.0060288476476141545
NC,adm,0.00402454657302123
NC,soc,0.004983923411057945
NC,alt,0.017226341037941562
NC,pmt,0.009911456224401677
NC,trk,0.009952407817269164
NC,gmt,0.010919638286981745
NC,wtt,0.02411757316919985
NC,wpd,0.004717561383653987
NC,wht,0.006745265637997691
NC,wrh,0.005934718100890208
NC,ott,0.01265103928844139
NC,che,0.01817486258867742
NC,air,0.023724731769102756
NC,mmf,0.010472673136934924
NC,otr,0.007593705823995773
NC,min,0.02821708450054963
ND,ppd,0.009964383715642039
ND,res,0.0051184134690044686
ND,com,0.0039885804812040005
ND,amb,0.007610579155737594
ND,fbp,0.0073852937469549304
ND,rec,0.027744696444229236
ND,con,0.005369684867155419
ND,agr,0.022023271877158492
ND,eec,0.009131522013992302
ND,pub,0.011543215592802704
ND,hou,0.11821964299551649
ND,fbt,0.012325868703937747
ND,ins,0.006689957194655068
ND,tex,0.013218809716120645
ND,leg,0.0037403768557777287
ND,uti,0.06692969034350915
ND,nmp,0.011431719578541423
ND,brd,0.004135735000997167
ND,bnk,0.01640381384926072
ND,ore,0.020647870728729912
ND,edu,0.02643251002857642
ND,ote,0.01185659035372996
ND,man,0.013493366987812398
ND,mch,0.010239038536157005
ND,dat,0.00707488408553667
ND,amd,0.030619895214070256
ND,oil,0.06535223583244111
ND,hos,0.013775239713991276
ND,rnt,0.02075752842947717
ND,pla,0.006741400322796694
ND,fof,0.02313797803255031
ND,fin,0.004059401204152343
ND,tsv,0.006401685870789181
ND,nrs,0.01438773974743324
ND,sec,0.007438970336112668
ND,art,0.01592277221546427
ND,mov,0.024866348620334183
ND,fpd,0.005834523825418231
ND,pri,0.010540540540540542
ND,grd,0.012819223808566258
ND,pip,0.06340951381268191
ND,osv,0.015213538123165301
ND,trn,0.01873704353372668
ND,smn,0.028065933494527212
ND,fmt,0.008581501066889322
ND,pet,0.006708718046484415
ND,mvt,0.00871390424786676
ND,cep,0.024536149189888803
ND,wst,0.015992775162487732
ND,mot,0.0060288476476141545
ND,adm,0.00402454657302123
ND,soc,0.004983923411057945
ND,alt,0.017226341037941562
ND,pmt,0.009911456224401677
ND,trk,0.009952407817269164
ND,gmt,0.010919638286981745
ND,wtt,0.02411757316919985
ND,wpd,0.004717561383653987
ND,wht,0.006745265637997691
ND,wrh,0.005934718100890208
ND,ott,0.01265103928844139
ND,che,0.01817486258867742
ND,air,0.023724731769102756
ND,mmf,0.010472673136934924
ND,otr,0.007593705823995773
ND,min,0.02821708450054963
OH,ppd,0.009964383715642039
OH,res,0.0051184134690044686
OH,com,0.0039885804812040005
OH,amb,0.007610579155737594
OH,fbp,0.0073852937469549304
OH,rec,0.027744696444229236
OH,con,0.005369684867155419
OH,agr,0.022023271877158492
OH,eec,0.009131522013992302
OH,pub,0.011543215592802704
OH,hou,0.11821964299551649
OH,fbt,0.012325868703937747
OH,ins,0.006689957194655068
OH,tex,0.013218809716120645
OH,leg,0.0037403768557777287
OH,uti,0.06692969034350915
OH,nmp,0.011431719578541423
OH,brd,0.004135735000997167
OH,bnk,0.01640381384926072
OH,ore,0.020647870728729912
OH,edu,0.02643251002857642
OH,ote,0.01185659035372996
OH,man,0.013493366987812398
OH,mch,0.010239038536157005
OH,dat,0.00707488408553667
OH,amd,0.030619895214070256
OH,oil,0.06535223583244111
OH,hos,0.013775239713991276
OH,rnt,0.02075752842947717
OH,pla,0.006741400322796694
OH,fof,0.02313797803255031
OH,fin,0.004059401204152343
OH,tsv,0.006401685870789181
OH,nrs,0.01438773974743324
OH,sec,0.007438970336112668
OH,art,0.01592277221546427
OH,mov,0.024866348620334183
OH,fpd,0.005834523825418231
OH,pri,0.010540540540540542
OH,grd,0.012819223808566258
OH,pip,0.06340951381268191
OH,osv,0.015213538123165301
OH,trn,0.01873704353372668
OH,smn,0.028065933494527212
OH,fmt,0.008581501066889322
OH,pet,0.006708718046484415
OH,mvt,0.00871390424786676
OH,cep,0.024536149189888803
OH,wst,0.015992775162487732
OH,mot,0.0060288476476141545
OH,adm,0.00402454657302123
OH,soc,0.004983923411057945
OH,alt,0.017226341037941562
OH,pmt,0.009911456224401677
OH,trk,0.009952407817269164
OH,gmt,0.010919638286981745
OH,wtt,0.02411757316919985
OH,wpd,0.004717561383653987
OH,wht,0.006745265637997691
OH,wrh,0.005934718100890208
OH,ott,0.01265103928844139
OH,che,0.01817486258867742
OH,air,0.023724731769102756
OH,mmf,0.010472673136934924
OH,otr,0.007593705823995773
OH,min,0.02821708450054963
OK,ppd,0.009964383715642039
OK,res,0.0051184134690044686
OK,com,0.0039885804812040005
OK,amb,0.007610579155737594
OK,fbp,0.0073852937469549304
OK,rec,0.027744696444229236
OK,con,0.005369684867155419
OK,agr,0.022023271877158492
OK,eec,0.009131522013992302
OK,pub,0.011543215592802704
OK,hou,0.11821964299551649
OK,fbt,0.012325868703937747
OK,ins,0.006689957194655068
OK,tex,0.013218809716120645
OK,leg,0.0037403768557777287
OK,uti,0.06692969034350915
OK,nmp,0.011431719578541423
OK,brd,0.004135735000997167
OK,bnk,0.01640381384926072
OK,ore,0.020647870728729912
OK,edu,0.02643251002857642
OK,ote,0.01185659035372996
OK,man,0.013493366987812398
OK,mch,0.010239038536157005
OK,dat,0.00707488408553667
OK,amd,0.030619895214070256
OK,oil,0.06535223583244111
OK,hos,0.013775239713991276
OK,rnt,0.02075752842947717
OK,pla,0.006741400322796694
OK,fof,0.02313797803255031
OK,fin,0.004059401204152343
OK,tsv,0.006401685870789181
OK,nrs,0.01438773974743324
OK,sec,0.007438970336112668
OK,art,0.01592277221546427
OK,mov,0.024866348620334183
OK,fpd,0.005834523825418231
OK,pri,0.010540540540540542
OK,grd,0.012819223808566258
OK,pip,0.06340951381268191
OK,osv,0.015213538123165301
OK,trn,0.01873704353372668
OK,smn,0.028065933494527212
OK,fmt,0.008581501066889322
OK,pet,0.006708718046484415
OK,mvt,0.00871390424786676
OK,cep,0.024536149189888803
OK,wst,0.015992775162487732
OK,mot,0.0060288476476141545
OK,adm,0.00402454657302123
OK,soc,0.004983923411057945
OK,alt,0.017226341037941562
OK,pmt,0.009911456224401677
OK,trk,0.009952407817269164
OK,gmt,0.010919638286981745
OK,wtt,0.02411757316919985
OK,wpd,0.004717561383653987
OK,wht,0.006745265637997691
OK,wrh,0.005934718100890208
OK,ott,0.01265103928844139
OK,che,0.01817486258867742
OK,air,0.023724731769102756
OK,mmf,0.010472673136934924
OK,otr,0.007593705823995773
OK,min,0.02821708450054963
OR,ppd,0.009964383715642039
OR,res,0.0051184134690044686
OR,com,0.0039885804812040005
OR,amb,0.007610579155737594
OR,fbp,0.0073852937469549304
OR,rec,0.027744696444229236
OR,con,0.005369684867155419
OR,agr,0.022023271877158492
OR,eec,0.009131522013992302
OR,pub,0.011543215592802704
OR,hou,0.11821964299551649
OR,fbt,0.012325868703937747
OR,ins,0.006689957194655068
OR,tex,0.013218809716120645
OR,leg,0.0037403768557777287
OR,uti,0.06692969034350915
OR,nmp,0.011431719578541423
OR,brd,0.004135735000997167
OR,bnk,0.01640381384926072
OR,ore,0.020647870728729912
OR,edu,0.02643251002857642
OR,ote,0.01185659035372996
OR,man,0.013493366987812398
OR,mch,0.010239038536157005
OR,dat,0.00707488408553667
OR,amd,0.030619895214070256
OR,oil,0.06535223583244111
OR,hos,0.013775239713991276
OR,rnt,0.02075752842947717
OR,pla,0.006741400322796694
OR,fof,0.02313797803255031
OR,fin,0.004059401204152343
OR,tsv,0.006401685870789181
OR,nrs,0.01438773974743324
OR,sec,0.007438970336112668
OR,art,0.01592277221546427
OR,mov,0.024866348620334183
OR,fpd,0.005834523825418231
OR,pri,0.010540540540540542
OR,grd,0.012819223808566258
OR,pip,0.06340951381268191
OR,osv,0.015213538123165301
OR,trn,0.01873704353372668
OR,smn,0.028065933494527212
OR,fmt,0.008581501066889322
OR,pet,0.006708718046484415
OR,mvt,0.00871390424786676
OR,cep,0.024536149189888803
OR,wst,0.015992775162487732
OR,mot,0.0060288476476141545
OR,adm,0.00402454657302123
OR,soc,0.004983923411057945
OR,alt,0.017226341037941562
OR,pmt,0.009911456224401677
OR,trk,0.009952407817269164
OR,gmt,0.010919638286981745
OR,wtt,0.02411757316919985
OR,wpd,0.004717561383653987
OR,wht,0.006745265637997691
OR,wrh,0.005934718100890208
OR,ott,0.01265103928844139
OR,che,0.01817486258867742
OR,air,0.023724731769102756
OR,mmf,0.010472673136934924
OR,otr,0.007593705823995773
OR,min,0.02821708450054963
PA,ppd,0.009964383715642039
PA,res,0.0051184134690044686
PA,com,0.0039885804812040005
PA,amb,0.007610579155737594
PA,fbp,0.0073852937469549304
PA,rec,0.027744696444229236
PA,con,0.005369684867155419
PA,agr,0.022023271877158492
PA,eec,0.009131522013992302
PA,pub,0.011543215592802704
PA,hou,0.11821964299551649
PA,fbt,0.012325868703937747
PA,ins,0.006689957194655068
PA,tex,0.013218809716120645
PA,leg,0.0037403768557777287
PA,uti,0.06692969034350915
PA,nmp,0.011431719578541423
PA,brd,0.004135735000997167
PA,bnk,0.01640381384926072
PA,ore,0.020647870728729912
PA,edu,0.02643251002857642
PA,ote,0.01185659035372996
PA,man,0.013493366987812398
PA,mch,0.010239038536157005
PA,dat,0.00707488408553667
PA,amd,0.030619895214070256
PA,oil,0.06535223583244111
PA,hos,0.013775239713991276
PA,rnt,0.02075752842947717
PA,pla,0.006741400322796694
PA,fof,0.02313797803255031
PA,fin,0.004059401204152343
PA,tsv,0.006401685870789181
PA,nrs,0.01438773974743324
PA,sec,0.007438970336112668
PA,art,0.01592277221546427
PA,mov,0.024866348620334183
PA,fpd,0.005834523825418231
PA,pri,0.010540540540540542
PA,grd,0.012819223808566258
PA,pip,0.06340951381268191
PA,osv,0.015213538123165301
PA,trn,0.01873704353372668
PA,smn,0.028065933494527212
PA,fmt,0.008581501066889322
PA,pet,0.006708718046484415
PA,mvt,0.00871390424786676
PA,cep,0.024536149189888803
PA,wst,0.015992775162487732
PA,mot,0.0060288476476141545
PA,adm,0.00402454657302123
PA,soc,0.004983923411057945
PA,alt,0.017226341037941562
PA,pmt,0.009911456224401677
PA,trk,0.009952407817269164
PA,gmt,0.010919638286981745
PA,wtt,0.02411757316919985
PA,wpd,0.004717561383653987
PA,wht,0.006745265637997691
PA,wrh,0.005934718100890208
PA,ott,0.01265103928844139
PA,che,0.01817486258867742
PA,air,0.023724731769102756
PA,mmf,0.010472673136934924
PA,otr,0.007593705823995773
PA,min,0.02821708450054963
RI,ppd,0.009964383715642039
RI,res,0.0051184134690044686
RI,com,0.0039885804812040005
RI,amb,0.007610579155737594
RI,fbp,0.0073852937469549304
RI,rec,0.027744696444229236
RI,con,0.005369684867155419
RI,agr,0.022023271877158492
RI,eec,0.009131522013992302
RI,pub,0.011543215592802704
RI,hou,0.11821964299551649
RI,fbt,0.012325868703937747
RI,ins,0.006689957194655068
RI,tex,0.013218809716120645
RI,leg,0.0037403768557777287
RI,uti,0.06692969034350915
RI,nmp,0.011431719578541423
RI,brd,0.004135735000997167
RI,bnk,0.01640381384926072
RI,ore,0.020647870728729912
RI,edu,0.02643251002857642
RI,ote,0.01185659035372996
RI,man,0.013493366987812398
RI,mch,0.010239038536157005
RI,dat,0.00707488408553667
RI,amd,0.030619895214070256
RI,oil,0.06535223583244111
RI,hos,0.013775239713991276
RI,rnt,0.02075752842947717
RI,pla,0.006741400322796694
RI,fof,0.02313797803255031
RI,fin,0.004059401204152343
RI,tsv,0.006401685870789181
RI,nrs,0.01438773974743324
RI,sec,0.007438970336112668
RI,art,0.01592277221546427
RI,mov,0.024866348620334183
RI,fpd,0.005834523825418231
RI,pri,0.010540540540540542
RI,grd,0.012819223808566258
RI,pip,0.06340951381268191
RI,osv,0.015213538123165301
RI,trn,0.01873704353372668
RI,smn,0.028065933494527212
RI,fmt,0.008581501066889322
RI,pet,0.006708718046484415
RI,mvt,0.00871390424786676
RI,cep,0.024536149189888803
RI,wst,0.015992775162487732
RI,mot,0.0060288476476141545
RI,adm,0.00402454657302123
RI,soc,0.004983923411057945
RI,alt,0.017226341037941562
RI,pmt,0.009911456224401677
RI,trk,0.009952407817269164
RI,gmt,0.010919638286981745
RI,wtt,0.02411757316919985
RI,wpd,0.004717561383653987
RI,wht,0.006745265637997691
RI,wrh,0.005934718100890208
RI,ott,0.01265103928844139
RI,che,0.01817486258867742
RI,air,0.023724731769102756
RI,mmf,0.010472673136934924
RI,otr,0.007593705823995773
RI,min,0.02821708450054963
SC,ppd,0.009964383715642039
SC,res,0.0051184134690044686
SC,com,0.0039885804812040005
SC,amb,0.007610579155737594
SC,fbp,0.0073852937469549304
SC,rec,0.027744696444229236
SC,con,0.005369684867155419
SC,agr,0.022023271877158492
SC,eec,0.009131522013992302
SC,pub,0.011543215592802704
SC,hou,0.11821964299551649
SC,fbt,0.012325868703937747
SC,ins,0.006689957194655068
SC,tex,0.013218809716120645
SC,leg,0.0037403768557777287
SC,uti,0.06692969034350915
SC,nmp,0.011431719578541423
SC,brd,0.004135735000997167
SC,bnk,0.01640381384926072
SC,ore,0.020647870728729912
SC,edu,0.02643251002857642
SC,ote,0.01185659035372996
SC,man,0.013493366987812398
SC,mch,0.010239038536157005
SC,dat,0.00707488408553667
SC,amd,0.030619895214070256
SC,oil,0.06535223583244111
SC,hos,0.013775239713991276
SC,rnt,0.02075752842947717
SC,pla,0.006741400322796694
SC,fof,0.02313797803255031
SC,fin,0.004059401204152343
SC,tsv,0.006401685870789181
SC,nrs,0.01438773974743324
SC,sec,0.007438970336112668
SC,art,0.01592277221546427
SC,mov,0.024866348620334183
SC,fpd,0.005834523825418231
SC,pri,0.010540540540540542
SC,grd,0.012819223808566258
SC,pip,0.06340951381268191
SC,osv,0.015213538123165301
SC,trn,0.01873704353372668
SC,smn,0.028065933494527212
SC,fmt,0.008581501066889322
SC,pet,0.006708718046484415
SC,mvt,0.00871390424786676
SC,cep,0.024536149189888803
SC,wst,0.015992775162487732
SC,mot,0.0060288476476141545
SC,adm,0.00402454657302123
SC,soc,0.004983923411057945
SC,alt,0.017226341037941562
SC,pmt,0.009911456224401677
SC,trk,0.009952407817269164
SC,gmt,0.010919638286981745
SC,wtt,0.02411757316919985
SC,wpd,0.004717561383653987
SC,wht,0.006745265637997691
SC,wrh,0.005934718100890208
SC,ott,0.01265103928844139
SC,che,0.01817486258867742
SC,air,0.023724731769102756
SC,mmf,0.010472673136934924
SC,otr,0.007593705823995773
SC,min,0.02821708450054963
SD,ppd,0.009964383715642039
SD,res,0.0051184134690044686
SD,com,0.0039885804812040005
SD,amb,0.007610579155737594
SD,fbp,0.0073852937469549304
SD,rec,0.027744696444229236
SD,con,0.005369684867155419
SD,agr,0.022023271877158492
SD,eec,0.009131522013992302
SD,pub,0.011543215592802704
SD,hou,0.11821964299551649
SD,fbt,0.012325868703937747
SD,ins,0.006689957194655068
SD,tex,0.013218809716120645
SD,leg,0.0037403768557777287
SD,uti,0.06692969034350915
SD,nmp,0.011431719578541423
SD,brd,0.004135735000997167
SD,bnk,0.01640381384926072
SD,ore,0.020647870728729912
SD,edu,0.02643251002857642
SD,ote,0.01185659035372996
SD,man,0.013493366987812398
SD,mch,0.010239038536157005
SD,dat,0.00707488408553667
SD,amd,0.030619895214070256
SD,oil,0.06535223583244111
SD,hos,0.013775239713991276
SD,rnt,0.02075752842947717
SD,pla,0.006741400322796694
SD,fof,0.02313797803255031
SD,fin,0.004059401204152343
SD,tsv,0.006401685870789181
SD,nrs,0.01438773974743324
SD,sec,0.007438970336112668
SD,art,0.01592277221546427
SD,mov,0.024866348620334183
SD,fpd,0.005834523825418231
SD,pri,0.010540540540540542
SD,grd,0.012819223808566258
SD,pip,0.06340951381268191
SD,osv,0.015213538123165301
SD,trn,0.01873704353372668
SD,smn,0.028065933494527212
SD,fmt,0.008581501066889322
SD,pet,0.006708718046484415
SD,mvt,0.00871390424786676
SD,cep,0.024536149189888803
SD,wst,0.015992775162487732
SD,mot,0.0060288476476141545
SD,adm,0.00402454657302123
SD,soc,0.004983923411057945
SD,alt,0.017226341037941562
SD,pmt,0.009911456224401677
SD,trk,0.009952407817269164
SD,gmt,0.010919638286981745
SD,wtt,0.02411757316919985
SD,wpd,0.004717561383653987
SD,wht,0.006745265637997691
SD,wrh,0.005934718100890208
SD,ott,0.01265103928844139
SD,che,0.01817486258867742
SD,air,0.023724731769102756
SD,mmf,0.010472673136934924
SD,otr,0.007593705823995773
SD,min,0.02821708450054963
TN,ppd,0.009964383715642039
TN,res,0.0051184134690044686
TN,com,0.0039885804812040005
TN,amb,0.007610579155737594
TN,fbp,0.0073852937469549304
TN,rec,0.027744696444229236
TN,con,0.005369684867155419
TN,agr,0.022023271877158492
TN,eec,0.009131522013992302
TN,pub,0.011543215592802704
TN,hou,0.11821964299551649
TN,fbt,0.012325868703937747
TN,ins,0.006689957194655068
TN,tex,0.013218809716120645
TN,leg,0.0037403768557777287
TN,uti,0.06692969034350915
TN,nmp,0.011431719578541423
TN,brd,0.004135735000997167
TN,bnk,0.01640381384926072
TN,ore,0.020647870728729912
TN,edu,0.02643251002857642
TN,ote,0.01185659035372996
TN,man,0.013493366987812398
TN,mch,0.010239038536157005
TN,dat,0.00707488408553667
TN,amd,0.030619895214070256
TN,oil,0.06535223583244111
TN,hos,0.013775239713991276
TN,rnt,0.02075752842947717
TN,pla,0.006741400322796694
TN,fof,0.02313797803255031
TN,fin,0.004059401204152343
TN,tsv,0.006401685870789181
TN,nrs,0.01438773974743324
TN,sec,0.007438970336112668
TN,art,0.01592277221546427
TN,mov,0.024866348620334183
TN,fpd,0.005834523825418231
TN,pri,0.010540540540540542
TN,grd,0.012819223808566258
TN,pip,0.06340951381268191
TN,osv,0.015213538123165301
TN,trn,0.01873704353372668
TN,smn,0.028065933494527212
TN,fmt,0.008581501066889322
TN,pet,0.006708718046484415
TN,mvt,0.00871390424786676
TN,cep,0.024536149189888803
TN,wst,0.015992775162487732
TN,mot,0.0060288476476141545
TN,adm,0.00402454657302123
TN,soc,0.004983923411057945
TN,alt,0.017226341037941562
TN,pmt,0.009911456224401677
TN,trk,0.009952407817269164
TN,gmt,0.010919638286981745
TN,wtt,0.02411757316919985
TN,wpd,0.004717561383653987
TN,wht,0.006745265637997691
TN,wrh,0.005934718100890208
TN,ott,0.01265103928844139
TN,che,0.01817486258867742
TN,air,0.023724731769102756
TN,mmf,0.010472673136934924
TN,otr,0.007593705823995773
TN,min,0.02821708450054963
TX,ppd,0.009964383715642039
TX,res,0.0051184134690044686
TX,com,0.0039885804812040005
TX,amb,0.007610579155737594
TX,fbp,0.0073852937469549304
TX,rec,0.027744696444229236
TX,con,0.005369684867155419
TX,agr,0.022023271877158492
TX,eec,0.009131522013992302
TX,pub,0.011543215592802704
TX,hou,0.11821964299551649
TX,fbt,0.012325868703937747
TX,ins,0.006689957194655068
TX,tex,0.013218809716120645
TX,leg,0.0037403768557777287
TX,uti,0.06692969034350915
TX,nmp,0.011431719578541423
TX,brd,0.004135735000997167
TX,bnk,0.01640381384926072
TX,ore,0.020647870728729912
TX,edu,0.02643251002857642
TX,ote,0.01185659035372996
TX,man,0.013493366987812398
TX,mch,0.010239038536157005
TX,dat,0.00707488408553667
TX,amd,0.030619895214070256
TX,oil,0.06535223583244111
TX,hos,0.013775239713991276
TX,rnt,0.02075752842947717
TX,pla,0.006741400322796694
TX,fof,0.02313797803255031
TX,fin,0.004059401204152343
TX,tsv,0.006401685870789181
TX,nrs,0.01438773974743324
TX,sec,0.007438970336112668
TX,art,0.01592277221546427
TX,mov,0.024866348620334183
TX,fpd,0.005834523825418231
TX,pri,0.010540540540540542
TX,grd,0.012819223808566258
TX,pip,0.06340951381268191
TX,osv,0.015213538123165301
TX,trn,0.01873704353372668
TX,smn,0.028065933494527212
TX,fmt,0.008581501066889322
TX,pet,0.006708718046484415
TX,mvt,0.00871390424786676
TX,cep,0.024536149189888803
TX,wst,0.015992775162487732
TX,mot,0.0060288476476141545
TX,adm,0.00402454657302123
TX,soc,0.004983923411057945
TX,alt,0.017226341037941562
TX,pmt,0.009911456224401677
TX,trk,0.009952407817269164
TX,gmt,0.010919638286981745
TX,wtt,0.02411757316919985
TX,wpd,0.004717561383653987
TX,wht,0.006745265637997691
TX,wrh,0.005934718100890208
TX,ott,0.01265103928844139
TX,che,0.01817486258867742
TX,air,0.023724731769102756
TX,mmf,0.010472673136934924
TX,otr,0.007593705823995773
TX,min,0.02821708450054963
UT,ppd,0.009964383715642039
UT,res,0.0051184134690044686
UT,com,0.0039885804812040005
UT,amb,0.007610579155737594
UT,fbp,0.0073852937469549304
UT,rec,0.027744696444229236
UT,con,0.005369684867155419
UT,agr,0.022023271877158492
UT,eec,0.009131522013992302
UT,pub,0.011543215592802704
UT,hou,0.11821964299551649
UT,fbt,0.012325868703937747
UT,ins,0.006689957194655068
UT,tex,0.013218809716120645
UT,leg,0.0037403768557777287
UT,uti,0.06692969034350915
UT,nmp,0.011431719578541423
UT,brd,0.004135735000997167
UT,bnk,0.01640381384926072
UT,ore,0.020647870728729912
UT,edu,0.02643251002857642
UT,ote,0.01185659035372996
UT,man,0.013493366987812398
UT,mch,0.010239038536157005
UT,dat,0.00707488408553667
UT,amd,0.030619895214070256
UT,oil,0.06535223583244111
UT,hos,0.013775239713991276
UT,rnt,0.02075752842947717
UT,pla,0.006741400322796694
UT,fof,0.02313797803255031
UT,fin,0.004059401204152343
UT,tsv,0.006401685870789181
UT,nrs,0.01438773974743324
UT,sec,0.007438970336112668
UT,art,0.01592277221546427
UT,mov,0.024866348620334183
UT,fpd,0.005834523825418231
UT,pri,0.010540540540540542
UT,grd,0.012819223808566258
UT,pip,0.06340951381268191
UT,osv,0.015213538123165301
UT,trn,0.01873704353372668
UT,smn,0.028065933494527212
UT,fmt,0.008581501066889322
UT,pet,0.006708718046484415
UT,mvt,0.00871390424786676
UT,cep,0.024536149189888803
UT,wst,0.015992775162487732
UT,mot,0.0060288476476141545
UT,adm,0.00402454657302123
UT,soc,0.004983923411057945
UT,alt,0.017226341037941562
UT,pmt,0.009911456224401677
UT,trk,0.009952407817269164
UT,gmt,0.010919638286981745
UT,wtt,0.02411757316919985
UT,wpd,0.004717561383653987
UT,wht,0.006745265637997691
UT,wrh,0.005934718100890208
UT,ott,0.01265103928844139
UT,che,0.01817486258867742
UT,air,0.023724731769102756
UT,mmf,0.010472673136934924
UT,otr,0.007593705823995773
UT,min,0.02821708450054963
VT,ppd,0.009964383715642039
VT,res,0.0051184134690044686
VT,com,0.0039885804812040005
VT,amb,0.007610579155737594
VT,fbp,0.0073852937469549304
VT,rec,0.027744696444229236
VT,con,0.005369684867155419
VT,agr,0.022023271877158492
VT,eec,0.009131522013992302
VT,pub,0.011543215592802704
VT,hou,0.11821964299551649
VT,fbt,0.012325868703937747
VT,ins,0.006689957194655068
VT,tex,0.013218809716120645
VT,leg,0.0037403768557777287
VT,uti,0.06692969034350915
VT,nmp,0.011431719578541423
VT,brd,0.004135735000997167
VT,bnk,0.01640381384926072
VT,ore,0.020647870728729912
VT,edu,0.02643251002857642
VT,ote,0.01185659035372996
VT,man,0.013493366987812398
VT,mch,0.010239038536157005
VT,dat,0.00707488408553667
VT,amd,0.030619895214070256
VT,oil,0.06535223583244111
VT,hos,0.013775239713991276
VT,rnt,0.02075752842947717
VT,pla,0.006741400322796694
VT,fof,0.02313797803255031
VT,fin,0.004059401204152343
VT,tsv,0.006401685870789181
VT,nrs,0.01438773974743324
VT,sec,0.007438970336112668
VT,art,0.01592277221546427
VT,mov,0.024866348620334183
VT,fpd,0.005834523825418231
VT,pri,0.010540540540540542
VT,grd,0.012819223808566258
VT,pip,0.06340951381268191
VT,osv,0.015213538123165301
VT,trn,0.01873704353372668
VT,smn,0.028065933494527212
VT,fmt,0.008581501066889322
VT,pet,0.006708718046484415
VT,mvt,0.00871390424786676
VT,cep,0.024536149189888803
VT,wst,0.015992775162487732
VT,mot,0.0060288476476141545
VT,adm,0.00402454657302123
VT,soc,0.004983923411057945
VT,alt,0.017226341037941562
VT,pmt,0.009911456224401677
VT,trk,0.009952407817269164
VT,gmt,0.010919638286981745
VT,wtt,0.02411757316919985
VT,wpd,0.004717561383653987
VT,wht,0.006745265637997691
VT,wrh,0.005934718100890208
VT,ott,0.01265103928844139
VT,che,0.01817486258867742
VT,air,0.023724731769102756
VT,mmf,0.010472673136934924
VT,otr,0.007593705823995773
VT,min,0.02821708450054963
VA,ppd,0.009964383715642039
VA,res,0.0051184134690044686
VA,com,0.0039885804812040005
VA,amb,0.007610579155737594
VA,fbp,0.0073852937469549304
VA,rec,0.027744696444229236
VA,con,0.005369684867155419
VA,agr,0.022023271877158492
VA,eec,0.009131522013992302
VA,pub,0.011543215592802704
VA,hou,0.11821964299551649
VA,fbt,0.012325868703937747
VA,ins,0.006689957194655068
VA,tex,0.013218809716120645
VA,leg,0.0037403768557777287
VA,uti,0.06692969034350915
VA,nmp,0.011431719578541423
VA,brd,0.004135735000997167
VA,bnk,0.01640381384926072
VA,ore,0.020647870728729912
VA,edu,0.02643251002857642
VA,ote,0.01185659035372996
VA,man,0.013493366987812398
VA,mch,0.010239038536157005
VA,dat,0.00707488408553667
VA,amd,0.030619895214070256
VA,oil,0.06535223583244111
VA,hos,0.013775239713991276
VA,rnt,0.02075752842947717
VA,pla,0.006741400322796694
VA,fof,0.02313797803255031
VA,fin,0.004059401204152343
VA,tsv,0.006401685870789181
VA,nrs,0.01438773974743324
VA,sec,0.007438970336112668
VA,art,0.01592277221546427
VA,mov,0.024866348620334183
VA,fpd,0.005834523825418231
VA,pri,0.010540540540540542
VA,grd,0.012819223808566258
VA,pip,0.06340951381268191
VA,osv,0.015213538123165301
VA,trn,0.01873704353372668
VA,smn,0.028065933494527212
VA,fmt,0.008581501066889322
VA,pet,0.006708718046484415
VA,mvt,0.00871390424786676
VA,cep,0.024536149189888803
VA,wst,0.015992775162487732
VA,mot,0.0060288476476141545
VA,adm,0.00402454657302123
VA,soc,0.004983923411057945
VA,alt,0.017226341037941562
VA,pmt,0.009911456224401677
VA,trk,0.009952407817269164
VA,gmt,0.010919638286981745
VA,wtt,0.02411757316919985
VA,wpd,0.004717561383653987
VA,wht,0.006745265637997691
VA,wrh,0.005934718100890208
VA,ott,0.01265103928844139
VA,che,0.01817486258867742
VA,air,0.023724731769102756
VA,mmf,0.010472673136934924
VA,otr,0.007593705823995773
VA,min,0.02821708450054963
WA,ppd,0.009964383715642039
WA,res,0.0051184134690044686
WA,com,0.0039885804812040005
WA,amb,0.007610579155737594
WA,fbp,0.0073852937469549304
WA,rec,0.027744696444229236
WA,con,0.005369684867155419
WA,agr,0.022023271877158492
WA,eec,0.009131522013992302
WA,pub,0.011543215592802704
WA,hou,0.11821964299551649
WA,fbt,0.012325868703937747
WA,ins,0.006689957194655068
WA,tex,0.013218809716120645
WA,leg,0.0037403768557777287
WA,uti,0.06692969034350915
WA,nmp,0.011431719578541423
WA,brd,0.004135735000997167
WA,bnk,0.01640381384926072
WA,ore,0.020647870728729912
WA,edu,0.02643251002857642
WA,ote,0.01185659035372996
WA,man,0.013493366987812398
WA,mch,0.010239038536157005
WA,dat,0.00707488408553667
WA,amd,0.030619895214070256
WA,oil,0.06535223583244111
WA,hos,0.013775239713991276
WA,rnt,0.02075752842947717
WA,pla,0.006741400322796694
WA,fof,0.02313797803255031
WA,fin,0.004059401204152343
WA,tsv,0.006401685870789181
WA,nrs,0.01438773974743324
WA,sec,0.007438970336112668
WA,art,0.01592277221546427
WA,mov,0.024866348620334183
WA,fpd,0.005834523825418231
WA,pri,0.010540540540540542
WA,grd,0.012819223808566258
WA,pip,0.06340951381268191
WA,osv,0.015213538123165301
WA,trn,0.01873704353372668
WA,smn,0.028065933494527212
WA,fmt,0.008581501066889322
WA,pet,0.006708718046484415
WA,mvt,0.00871390424786676
WA,cep,0.024536149189888803
WA,wst,0.015992775162487732
WA,mot,0.0060288476476141545
WA,adm,0.00402454657302123
WA,soc,0.004983923411057945
WA,alt,0.017226341037941562
WA,pmt,0.009911456224401677
WA,trk,0.009952407817269164
WA,gmt,0.010919638286981745
WA,wtt,0.02411757316919985
WA,wpd,0.004717561383653987
WA,wht,0.006745265637997691
WA,wrh,0.005934718100890208
WA,ott,0.01265103928844139
WA,che,0.01817486258867742
WA,air,0.023724731769102756
WA,mmf,0.010472673136934924
WA,otr,0.007593705823995773
WA,min,0.02821708450054963
WV,ppd,0.009964383715642039
WV,res,0.0051184134690044686
WV,com,0.0039885804812040005
WV,amb,0.007610579155737594
WV,fbp,0.0073852937469549304
WV,rec,0.027744696444229236
WV,con,0.005369684867155419
WV,agr,0.022023271877158492
WV,eec,0.009131522013992302
WV,pub,0.011543215592802704
WV,hou,0.11821964299551649
WV,fbt,0.012325868703937747
WV,ins,0.006689957194655068
WV,tex,0.013218809716120645
WV,leg,0.0037403768557777287
WV,uti,0.06692969034350915
WV,nmp,0.011431719578541423
WV,brd,0.004135735000997167
WV,bnk,0.01640381384926072
WV,ore,0.020647870728729912
WV,edu,0.02643251002857642
WV,ote,0.01185659035372996
WV,man,0.013493366987812398
WV,mch,0.010239038536157005
WV,dat,0.00707488408553667
WV,amd,0.030619895214070256
WV,oil,0.06535223583244111
WV,hos,0.013775239713991276
WV,rnt,0.02075752842947717
WV,pla,0.006741400322796694
WV,fof,0.02313797803255031
WV,fin,0.004059401204152343
WV,tsv,0.006401685870789181
WV,nrs,0.01438773974743324
WV,sec,0.007438970336112668
WV,art,0.01592277221546427
WV,mov,0.024866348620334183
WV,fpd,0.005834523825418231
WV,pri,0.010540540540540542
WV,grd,0.012819223808566258
WV,pip,0.06340951381268191
WV,osv,0.015213538123165301
WV,trn,0.01873704353372668
WV,smn,0.028065933494527212
WV,fmt,0.008581501066889322
WV,pet,0.006708718046484415
WV,mvt,0.00871390424786676
WV,cep,0.024536149189888803
WV,wst,0.015992775162487732
WV,mot,0.0060288476476141545
WV,adm,0.00402454657302123
WV,soc,0.004983923411057945
WV,alt,0.017226341037941562
WV,pmt,0.009911456224401677
WV,trk,0.009952407817269164
WV,gmt,0.010919638286981745
WV,wtt,0.02411757316919985
WV,wpd,0.004717561383653987
WV,wht,0.006745265637997691
WV,wrh,0.005934718100890208
WV,ott,0.01265103928844139
WV,che,0.01817486258867742
WV,air,0.023724731769102756
WV,mmf,0.010472673136934924
WV,otr,0.007593705823995773
WV,min,0.02821708450054963
WI,ppd,0.009964383715642039
WI,res,0.0051184134690044686
WI,com,0.0039885804812040005
WI,amb,0.007610579155737594
WI,fbp,0.0073852937469549304
WI,rec,0.027744696444229236
WI,con,0.005369684867155419
WI,agr,0.022023271877158492
WI,eec,0.009131522013992302
WI,pub,0.011543215592802704
WI,hou,0.11821964299551649
WI,fbt,0.012325868703937747
WI,ins,0.006689957194655068
WI,tex,0.013218809716120645
WI,leg,0.0037403768557777287
WI,uti,0.06692969034350915
WI,nmp,0.011431719578541423
WI,brd,0.004135735000997167
WI,bnk,0.01640381384926072
WI,ore,0.020647870728729912
WI,edu,0.02643251002857642
WI,ote,0.01185659035372996
WI,man,0.013493366987812398
WI,mch,0.010239038536157005
WI,dat,0.00707488408553667
WI,amd,0.030619895214070256
WI,oil,0.06535223583244111
WI,hos,0.013775239713991276
WI,rnt,0.02075752842947717
WI,pla,0.006741400322796694
WI,fof,0.02313797803255031
WI,fin,0.004059401204152343
WI,tsv,0.006401685870789181
WI,nrs,0.01438773974743324
WI,sec,0.007438970336112668
WI,art,0.01592277221546427
WI,mov,0.024866348620334183
WI,fpd,0.005834523825418231
WI,pri,0.010540540540540542
WI,grd,0.012819223808566258
WI,pip,0.06340951381268191
WI,osv,0.015213538123165301
WI,trn,0.01873704353372668
WI,smn,0.028065933494527212
WI,fmt,0.008581501066889322
WI,pet,0.006708718046484415
WI,mvt,0.00871390424786676
WI,cep,0.024536149189888803
WI,wst,0.015992775162487732
WI,mot,0.0060288476476141545
WI,adm,0.00402454657302123
WI,soc,0.004983923411057945
WI,alt,0.017226341037941562
WI,pmt,0.009911456224401677
WI,trk,0.009952407817269164
WI,gmt,0.010919638286981745
WI,wtt,0.02411757316919985
WI,wpd,0.004717561383653987
WI,wht,0.006745265637997691
WI,wrh,0.005934718100890208
WI,ott,0.01265103928844139
WI,che,0.01817486258867742
WI,air,0.023724731769102756
WI,mmf,0.010472673136934924
WI,otr,0.007593705823995773
WI,min,0.02821708450054963
WY,ppd,0.009964383715642039
WY,res,0.0051184134690044686
WY,com,0.0039885804812040005
WY,amb,0.007610579155737594
WY,fbp,0.0073852937469549304
WY,rec,0.027744696444229236
WY,con,0.005369684867155419
WY,agr,0.022023271877158492
WY,eec,0.009131522013992302
WY,pub,0.011543215592802704
WY,hou,0.11821964299551649
WY,fbt,0.012325868703937747
WY,ins,0.006689957194655068
WY,tex,0.013218809716120645
WY,leg,0.0037403768557777287
WY,uti,0.06692969034350915
WY,nmp,0.011431719578541423
WY,brd,0.004135735000997167
WY,bnk,0.01640381384926072
WY,ore,0.020647870728729912
WY,edu,0.02643251002857642
WY,ote,0.01185659035372996
WY,man,0.013493366987812398
WY,mch,0.010239038536157005
WY,dat,0.00707488408553667
WY,amd,0.030619895214070256
WY,oil,0.06535223583244111
WY,hos,0.013775239713991276
WY,rnt,0.02075752842947717
WY,pla,0.006741400322796694
WY,fof,0.02313797803255031
WY,fin,0.004059401204152343
WY,tsv,0.006401685870789181
WY,nrs,0.01438773974743324
WY,sec,0.007438970336112668
WY,art,0.01592277221546427
WY,mov,0.024866348620334183
WY,fpd,0.005834523825418231
WY,pri,0.010540540540540542
WY,grd,0.012819223808566258
WY,pip,0.06340951381268191
WY,osv,0.015213538123165301
WY,trn,0.01873704353372668
WY,smn,0.028065933494527212
WY,fmt,0.008581501066889322
WY,pet,0.006708718046484415
WY,mvt,0.00871390424786676
WY,cep,0.024536149189888803
WY,wst,0.015992775162487732
WY,mot,0.0060288476476141545
WY,adm,0.00402454657302123
WY,soc,0.004983923411057945
WY,alt,0.017226341037941562
WY,pmt,0.009911456224401677
WY,trk,0.009952407817269164
WY,gmt,0.010919638286981745
WY,wtt,0.02411757316919985
WY,wpd,0.004717561383653987
WY,wht,0.006745265637997691
WY,wrh,0.005934718100890208
WY,ott,0.01265103928844139
WY,che,0.01817486258867742
WY,air,0.023724731769102756
WY,mmf,0.010472673136934924
WY,otr,0.007593705823995773
WY,min,0.02821708450054963
