r,g,value
AL,ppd,1.3792562884375081
AL,res,3.2238479037629633
AL,com,1.9256918991176488
AL,amb,6.558151594603876
AL,fbp,5.086354333646828
AL,rec,0.7378938756600797
AL,con,9.913891900594837
AL,agr,2.3519873077824007
AL,eec,0.2525711639131922
AL,fnd,1.6035098859766617
AL,pub,0.5404952093192174
AL,hou,9.826162486219056
AL,fbt,1.4576271605378395
AL,ins,4.070776735870704
AL,tex,0.121916304525736
AL,leg,1.3777283728477396
AL,fen,0.3206047012574979
AL,uti,8.40860903763
AL,nmp,0.9122617561752417
AL,brd,2.023714124379399
AL,bnk,4.2113557931515135
AL,ore,6.4856665311085075
AL,edu,1.5527765154714226
AL,ote,0.5559932768949831
AL,man,1.371541615923912
AL,mch,0.5107496745554145
AL,dat,0.6809583105002
AL,amd,0.7254532809427744
AL,oil,0.08617926529593695
AL,hos,5.768039234593039
AL,rnt,1.6985226507616544
AL,pla,0.6950909161198616
AL,fof,0.7262497898807901
AL,fin,0.3681012014873671
AL,tsv,8.201919509346272
AL,nrs,0.9491627239507223
AL,sec,0.8174267864505028
AL,art,0.3450418537536465
AL,mov,0.11056107121943094
AL,fpd,0.5247180901187567
AL,slg,6.800568880841156
AL,pri,0.11435321841111117
AL,grd,0.270709201033807
AL,pip,0.36084771164185053
AL,sle,0.5738765460604864
AL,osv,4.615600451204569
AL,trn,0.4711053170490183
AL,smn,0.1588237012105282
AL,fmt,2.030410225362829
AL,pet,2.1375089614086042
AL,mvt,1.7751547533252983
AL,cep,0.17205133820225396
AL,wst,0.8033064296389344
AL,mot,7.579387256424375
AL,adm,4.37468237320599
AL,soc,1.2450992928249693
AL,alt,0.03749624073355863
AL,pmt,2.6339647585777866
AL,trk,2.4378109979527083
AL,fdd,2.230292431449974
AL,gmt,1.2368994664546678
AL,wtt,0.17598038221279472
AL,wpd,1.9118785297870589
AL,wht,11.929594357140328
AL,wrh,0.8226378274984121
AL,ott,6.95085514618223
AL,che,2.2029068029900327
AL,air,0.14740599375034136
AL,mmf,0.3061654402327648
AL,otr,1.5458439685199195
AL,min,0.9366502058412206
AK,ppd,0.0015001424893965505
AK,res,1.2110764419066784
AK,com,0.1694779071471958
AK,amb,1.6525275030785798
AK,fbp,1.8433909827243045
AK,rec,0.2825432615878538
AK,con,2.621304602204955
AK,agr,0.03734063663418229
AK,fnd,0.9120971876413981
AK,pub,0.04086689557218987
AK,hou,2.021632555613066
AK,fbt,0.2566483503298477
AK,ins,0.30231607312587594
AK,tex,0.0007636565906209217
AK,leg,0.09655720311590514
AK,fen,0.08209296942112641
AK,uti,2.0636547228
AK,nmp,0.03670128167117233
AK,brd,0.7653582665432636
AK,bnk,0.43542829939699135
AK,ore,1.346639616798256
AK,edu,0.475503106937135
AK,man,0.25218578247000445
AK,mch,0.004720821877128801
AK,dat,0.10028445540562399
AK,amd,0.21653374174760817
AK,oil,1.160730163902568
AK,hos,1.5705013229107403
AK,rnt,0.45402489620963116
AK,pla,0.005517196202233713
AK,fin,0.13803836901654323
AK,tsv,1.5707311049764183
AK,nrs,0.3117895024449042
AK,sec,0.0968983970194518
AK,art,0.12109154435052555
AK,mov,0.025361083942268204
AK,fpd,0.015977782656724126
AK,slg,6.356825510035279
AK,pri,0.0163669462051563
AK,grd,0.18342763046858016
AK,pip,0.07832070175372116
AK,sle,0.17461036658780235
AK,osv,0.7512836645767452
AK,trn,0.0014908435686566783
AK,smn,1.8246601239656826
AK,fmt,0.054344871882723675
AK,pet,1.9846957856253744
AK,mvt,0.3125562910429169
AK,cep,0.002102823952261577
AK,wst,0.27059773112454905
AK,mot,0.0030361915802720094
AK,adm,0.6348317537858031
AK,soc,0.17540506663864838
AK,alt,0.003499099377679655
AK,trk,0.5180742239237608
AK,fdd,1.368554124366698
AK,gmt,0.21778422917992712
AK,wtt,0.04211333470878061
AK,wpd,0.10082579115620076
AK,wht,2.070392632133751
AK,wrh,0.02766472647834879
AK,ott,1.2193297339933806
AK,che,0.01650143590997862
AK,air,0.18457260337202347
AK,mmf,0.006029834512458444
AK,otr,0.49743840466192485
AK,min,0.20335566332165203
AR,ppd,1.2163346771079668
AR,res,2.161331417732165
AR,com,0.8216911402778838
AR,amb,4.02388307770319
AR,fbp,4.476619003624507
AR,rec,0.32245902596742665
AR,con,5.220597001342593
AR,agr,3.5701872013390292
AR,eec,0.20582446684427042
AR,fnd,1.3305663420475256
AR,pub,0.17315766778866104
AR,hou,5.352991636189758
AR,fbt,0.8434978902333339
AR,ins,2.5555860251531994
AR,tex,0.020503604342193643
AR,leg,0.4442660361150754
AR,fen,0.22597694796266315
AR,uti,4.78572634944
AR,nmp,0.4751053619428797
AR,brd,0.9009268536671791
AR,bnk,2.2632003621757044
AR,ore,3.5236822174454137
AR,edu,0.6122575434997113
AR,ote,0.5411078337829033
AR,man,1.8399053188556234
AR,mch,0.7239557209268304
AR,dat,0.5905182704789899
AR,amd,0.4160573913107795
AR,oil,0.1433628359928293
AR,hos,3.2990658268876767
AR,rnt,1.0206983568951022
AR,pla,0.6995386425641664
AR,fof,0.774914798802662
AR,fin,0.10816131248127893
AR,tsv,3.4626134376905933
AR,nrs,0.7585483064563985
AR,sec,0.3880352947859636
AR,art,0.25830700990788746
AR,mov,0.04749125609705902
AR,fpd,0.2648893254561381
AR,slg,3.839089412520305
AR,pri,0.11464136834928763
AR,grd,0.09484184076029852
AR,pip,0.2035258842999824
AR,sle,0.22453793276508985
AR,osv,2.507234835221703
AR,trn,0.3164552806061455
AR,smn,0.19159558150519845
AR,fmt,0.8603601657980032
AR,pet,0.8458297485729688
AR,mvt,1.0272443666013131
AR,cep,0.04228644611164643
AR,wst,0.4032886225457501
AR,mot,0.3486992682694577
AR,adm,2.832170188769588
AR,soc,0.930109066769187
AR,alt,0.014640015714270373
AR,pmt,1.3509481592429822
AR,trk,1.5546150282539506
AR,fdd,1.628185519546373
AR,gmt,0.7157674600412088
AR,wtt,0.016395824189299087
AR,wpd,1.4448606082563602
AR,wht,6.966821044186194
AR,wrh,0.5015267617766715
AR,ott,4.020452468886092
AR,che,0.46452145228415836
AR,air,0.10881711644632852
AR,mmf,0.0728102824111329
AR,otr,1.0443214832377457
AR,min,0.2768683028414771
AZ,ppd,0.38340790031452254
AZ,res,9.664414538186934
AZ,com,4.157557124291017
AZ,amb,11.37468671497765
AZ,fbp,4.98421998075972
AZ,rec,1.546724588373088
AZ,con,20.667612239566587
AZ,agr,1.3114935864014359
AZ,eec,0.17841523032057063
AZ,fnd,2.909934013483486
AZ,pub,1.9076924859734103
AZ,hou,25.02192028576176
AZ,fbt,2.235014207634445
AZ,ins,9.478315220766271
AZ,tex,0.028537776737620237
AZ,leg,1.955725024997995
AZ,fen,0.6082506914547188
AZ,uti,13.00720916655
AZ,nmp,1.8248783693167163
AZ,brd,5.564268341507071
AZ,bnk,8.891799174521395
AZ,ore,14.663202655568275
AZ,edu,3.4612671592347164
AZ,ote,1.1754621693084009
AZ,man,3.874466706615717
AZ,mch,0.4090354606297886
AZ,dat,2.5451895635871167
AZ,amd,1.8655938057277512
AZ,hos,10.915900264596676
AZ,rnt,3.982297822052629
AZ,pla,0.9220477781049076
AZ,fof,0.62971076868553
AZ,fin,1.4298812444902689
AZ,tsv,16.227562500960865
AZ,nrs,2.312737032879126
AZ,sec,2.8182739181312964
AZ,art,1.1666769346269192
AZ,mov,0.26969712582029537
AZ,fpd,0.6010944927190959
AZ,slg,12.34118159807938
AZ,pri,0.5293678335352933
AZ,grd,0.8919630080773151
AZ,pip,0.25184380941273016
AZ,sle,0.9148487397814367
AZ,osv,8.472081329106437
AZ,trn,0.6256386923503168
AZ,smn,0.32666095768940673
AZ,fmt,3.573014419267848
AZ,pet,0.15286501674703512
AZ,mvt,2.7218867772523683
AZ,cep,1.827457709700524
AZ,wst,1.468545764122502
AZ,mot,1.4933493688377117
AZ,adm,9.935551876225498
AZ,soc,2.350236524337948
AZ,alt,0.021669223287166174
AZ,pmt,2.000032104958915
AZ,trk,3.356277839193199
AZ,fdd,4.04737374116322
AZ,gmt,1.8965672126482591
AZ,wtt,0.01588464525165642
AZ,wpd,0.6829767544997087
AZ,wht,18.243774255624036
AZ,wrh,1.4494235020133355
AZ,ott,10.668880153859739
AZ,che,1.1520445767946
AZ,air,1.6048021637067957
AZ,mmf,0.8999608205186451
AZ,otr,3.184755336447324
AZ,min,1.5760516428843265
CA,ppd,5.4045786463269
CA,res,115.30261997376208
CA,com,83.62918885375396
CA,amb,121.41362993337135
CA,fbp,75.67768587892711
CA,rec,24.36171806035593
CA,con,192.7007503481376
CA,agr,35.107190924064604
CA,eec,3.8740478044400275
CA,fnd,43.2970877480066
CA,pub,48.35411356604096
CA,hou,259.0855551105192
CA,fbt,25.947342419730848
CA,ins,57.23410505199839
CA,tex,1.726971307334902
CA,leg,37.89440855343306
CA,fen,7.645304667889244
CA,uti,76.30571646054
CA,nmp,8.043384703801712
CA,brd,80.57228503788747
CA,bnk,85.85490225887658
CA,ore,168.8445054612527
CA,edu,38.69332330499483
CA,ote,8.773077161725135
CA,man,57.09272370587547
CA,mch,8.93522671517989
CA,dat,65.51965735887092
CA,amd,19.346040760349243
CA,oil,5.543998582301853
CA,hos,92.9923838303085
CA,rnt,37.48596006818696
CA,pla,10.181680414394787
CA,fof,7.509926228413158
CA,fin,16.907627691712843
CA,tsv,264.2490540981988
CA,nrs,18.462128536686432
CA,sec,54.036101875597744
CA,art,23.24914358064652
CA,mov,32.39617184860847
CA,fpd,4.7916955600905835
CA,slg,183.62520252760356
CA,pri,3.1128442440991844
CA,grd,11.188461354285646
CA,pip,1.0465383130528776
CA,sle,11.17076588042345
CA,osv,95.63427270358375
CA,trn,3.5400222062882394
CA,smn,1.8571227543988384
CA,fmt,19.819912522548883
CA,pet,57.15192330087847
CA,mvt,31.599677530397287
CA,cep,33.66112671880356
CA,wst,14.752927448598884
CA,mot,20.315290146210966
CA,adm,117.62828220024295
CA,soc,22.246076543863573
CA,alt,1.5848366950381025
CA,pmt,6.230672791167359
CA,trk,40.57930795717079
CA,fdd,50.08051913103579
CA,gmt,22.018150363663246
CA,wtt,3.1472866625317737
CA,wpd,7.344379476546078
CA,wht,212.01534439294517
CA,wrh,15.845468170888656
CA,ott,123.35912626598657
CA,che,61.849195049285186
CA,air,14.241346504668023
CA,mmf,9.25181839845683
CA,otr,37.648293841703925
CA,min,2.614925558789376
CO,ppd,0.3004778016042848
CO,res,11.667061792142304
CO,com,8.116280369883679
CO,amb,10.168795054344073
CO,fbp,10.564759719513164
CO,rec,2.0777502222202724
CO,con,23.899880910485077
CO,agr,3.401356821920644
CO,eec,0.11978473737659352
CO,fnd,3.553325190080455
CO,pub,3.9019518961413966
CO,hou,26.64760101974754
CO,fbt,2.281517616614212
CO,ins,9.07890394738118
CO,tex,0.028086521330520014
CO,leg,2.658916360960293
CO,fen,0.6667895483137649
CO,uti,12.28212792405
CO,nmp,1.843958081523025
CO,brd,7.647964286216156
CO,bnk,7.283156417631541
CO,ore,15.590778658963742
CO,edu,3.5226877408053254
CO,ote,0.8444705782800099
CO,man,6.353646363947817
CO,mch,1.4091395208585682
CO,dat,4.706376276816946
CO,amd,2.014130530889239
CO,oil,1.6174760095302934
CO,hos,8.882918942980112
CO,rnt,3.8718838874384796
CO,pla,1.4149829495399513
CO,fof,0.5195117547561341
CO,fin,0.9414036428658072
CO,tsv,24.874058103264833
CO,nrs,1.4865201821626415
CO,sec,3.9079397984631865
CO,art,2.0285496632155953
CO,mov,0.6130899221129718
CO,fpd,0.6591025804557686
CO,slg,15.069837063153871
CO,pri,0.2990187908812016
CO,grd,0.8015920287674422
CO,pip,0.5318016593439308
CO,sle,1.021064276809265
CO,osv,9.059870787696918
CO,trn,0.6852706440828541
CO,smn,3.6383821041147226
CO,fmt,1.9413660005183466
CO,pet,3.915515344463461
CO,mvt,2.7785204279767446
CO,cep,1.0081138397658718
CO,wst,1.4818751476963101
CO,mot,0.5455413321545567
CO,adm,10.051144353625803
CO,soc,1.9473520587168716
CO,alt,0.018640214489386422
CO,pmt,0.6558759931078393
CO,trk,3.658935186385407
CO,fdd,4.942254704549807
CO,gmt,1.9360286355090774
CO,wtt,0.028459118545503644
CO,wpd,0.7178412053901436
CO,wht,18.64944537385151
CO,wrh,1.0298327648322878
CO,ott,10.872525982383346
CO,che,1.6106907324623574
CO,air,1.6025352963016317
CO,mmf,0.6465689235740942
CO,otr,2.709394177610389
CO,min,0.9443429198918033
CT,ppd,0.7366794952541037
CT,res,2.4731780954892697
CT,com,2.174132218438763
CT,amb,5.720766054244322
CT,fbp,2.9956032798265735
CT,rec,0.9111612052658463
CT,con,6.28280723934055
CT,agr,0.1709583943454561
CT,eec,0.35210584019894803
CT,fnd,1.953188112481763
CT,pub,1.0078988701906195
CT,hou,10.907570498590438
CT,fbt,1.0802392918371697
CT,ins,9.020736581858264
CT,tex,0.035841353184450926
CT,leg,1.5284099320311262
CT,fen,0.2961122802213756
CT,uti,7.602344766720001
CT,nmp,0.20810194846637772
CT,brd,4.139941430762767
CT,bnk,3.4975337532204165
CT,ore,7.184062965384293
CT,edu,2.0013944462672275
CT,ote,2.8428798105388164
CT,man,2.7581090773375436
CT,mch,0.46363404573668887
CT,dat,1.3546361271588534
CT,amd,0.8134350018965169
CT,hos,5.4967772924165335
CT,rnt,2.0465767844296923
CT,pla,1.0114044193763025
CT,fof,0.09221475508074894
CT,fin,0.18166751002978843
CT,tsv,10.837967519843108
CT,nrs,1.1631245879964003
CT,sec,3.120340583838227
CT,art,0.8343877537920013
CT,mov,0.8063746188011003
CT,fpd,0.20857621453237912
CT,slg,9.686887063391906
CT,pri,0.38589310623770356
CT,grd,0.5044879319134644
CT,pip,0.21653638556866067
CT,sle,0.5377881854218929
CT,osv,4.04238712977615
CT,trn,0.15685465386480188
CT,smn,0.006025572782514727
CT,fmt,1.3770486401453927
CT,pet,0.46409853564662906
CT,mvt,1.3155572052636202
CT,cep,0.2911942792396031
CT,wst,0.722532191798819
CT,mot,0.8545657092984655
CT,adm,4.533393614391104
CT,soc,1.2603211812307504
CT,alt,0.013600119780692081
CT,pmt,0.4151862369815349
CT,trk,1.5142135867902469
CT,fdd,1.7326172989331663
CT,gmt,0.9166592389947975
CT,wtt,0.12283083080209921
CT,wpd,0.07777973021490368
CT,wht,8.926899889727439
CT,wrh,0.6597533900777975
CT,ott,5.152002410716967
CT,che,2.1189132792229532
CT,air,0.22483784886345515
CT,mmf,0.2831586289997691
CT,otr,1.2332278130738308
CT,min,0.08535220303889636
DE,ppd,0.06982894001330589
DE,res,0.753878401676645
DE,com,0.3958306812886693
DE,amb,1.07667685986701
DE,fbp,0.951357405477119
DE,rec,0.11907697496105277
DE,con,2.167055696140396
DE,agr,0.9655707630483404
DE,fnd,0.5257924518073274
DE,pub,0.06445149989565119
DE,hou,2.671135397359423
DE,fbt,0.25252121865257
DE,ins,1.673093892017766
DE,tex,0.006888296114804643
DE,leg,0.4781863103246417
DE,fen,0.07971254833549511
DE,uti,1.9226448499500002
DE,nmp,0.06499220173359489
DE,brd,0.32808105756670464
DE,bnk,1.5843150569632822
DE,ore,1.7645390101932001
DE,edu,0.26941099544130137
DE,man,0.652849336633906
DE,mch,0.007260445887275574
DE,dat,0.16989813088321348
DE,amd,0.16998656716588076
DE,oil,0.000488953883791168
DE,hos,1.495307183270618
DE,rnt,0.49744712559021625
DE,pla,0.10885934704659696
DE,fof,0.04234656984407216
DE,fin,0.0980494843294097
DE,tsv,1.7231597415300564
DE,nrs,0.3161813040706502
DE,sec,0.7908568559368873
DE,art,0.12191813216560435
DE,mov,0.017450403027320614
DE,fpd,0.0746421544786344
DE,slg,2.1533132326801896
DE,pri,0.00654051478501211
DE,grd,0.08616161466342787
DE,pip,0.06229240784566987
DE,sle,0.11952265838896246
DE,osv,0.9076899622107868
DE,trn,0.07846454675259548
DE,smn,9.426155005751177e-05
DE,fmt,0.04645171925891476
DE,pet,1.2660516747466137
DE,mvt,0.30753011040299555
DE,cep,0.016966795704116706
DE,wst,0.15597901537448297
DE,adm,1.1840960720258855
DE,soc,0.34283608519426795
DE,alt,0.00037289619336160315
DE,pmt,0.0032828369028178976
DE,trk,0.4160451904431181
DE,fdd,0.4438441547594889
DE,gmt,0.21428206682468579
DE,wtt,0.030767570849177493
DE,wpd,0.0187320213026069
DE,wht,2.1303542550424845
DE,wrh,0.14325764902733246
DE,ott,1.202769615868105
DE,che,0.7221124735662549
DE,air,0.020205169901121547
DE,mmf,0.02454824586366146
DE,otr,0.30466377031661684
DE,min,0.0027445581387618235
DC,ppd,0.0014591800457187782
DC,res,0.3320811109520491
DC,com,0.48413004959052575
DC,amb,0.3265617285795597
DC,fbp,0.07355242040923171
DC,rec,0.04439761845764363
DC,con,0.3465676138731693
DC,agr,0.0022602380378962906
DC,fnd,0.7984328806581237
DC,pub,0.2631795748724348
DC,hou,0.6652137119525731
DC,fbt,0.0870482925300891
DC,ins,0.31982835989046504
DC,tex,0.00020142309605441862
DC,leg,0.31027590254629905
DC,fen,0.024780505885170043
DC,uti,2.9921867352900002
DC,nmp,0.01848141774418187
DC,brd,0.5502737733095394
DC,bnk,0.3093748386215283
DC,ore,0.6604121279325801
DC,edu,0.13564864970401125
DC,man,0.12182208019591635
DC,dat,0.34316346127371167
DC,amd,0.06748554929243271
DC,hos,0.30197607887484884
DC,rnt,0.05335802217014359
DC,pla,4.7833735746751305e-05
DC,fof,0.001295553636291824
DC,fin,0.05442526015705614
DC,tsv,2.317514742387185
DC,nrs,0.0687048320096181
DC,sec,0.2122155197204184
DC,art,0.0722084182219054
DC,mov,0.03252927938152712
DC,fpd,0.004548835068637109
DC,slg,3.129543969201104
DC,pri,0.0026085780067818688
DC,grd,0.05402584570132192
DC,pip,0.016643116123424843
DC,sle,0.05316835196901344
DC,osv,0.33013808323875693
DC,trn,0.023839902915468128
DC,smn,1.982323508697142e-08
DC,mvt,0.10601077863877205
DC,cep,0.0016039712727471797
DC,wst,0.03335559419608665
DC,adm,0.5403951485522349
DC,soc,0.06923250685398163
DC,alt,0.0016950187621064467
DC,pmt,0.0029257473412479854
DC,trk,0.020676083754087894
DC,fdd,1.8791799688008106
DC,gmt,0.07386661658151915
DC,wtt,0.007803928085593156
DC,wpd,0.0005322787944702812
DC,wht,0.6899250230830208
DC,wrh,0.00033348559975534544
DC,ott,0.4126363791920076
DC,che,0.002876110193550708
DC,air,0.0043515314636314644
DC,mmf,0.002160740108186598
DC,otr,0.04480072211349991
DC,min,0.0021046586317942594
FL,ppd,1.6995468455612643
FL,res,45.922548167870744
FL,com,14.692845168793742
FL,amb,45.84053383538304
FL,fbp,12.96227114952194
FL,rec,7.202139545275342
FL,con,77.99943575248996
FL,agr,5.599878770286325
FL,eec,0.7445961432604906
FL,fnd,9.662488746868073
FL,pub,5.379786228482571
FL,hou,106.17835978438183
FL,fbt,7.8443252999865365
FL,ins,40.97880113460653
FL,tex,0.1925494328898831
FL,leg,12.213337716667171
FL,fen,2.064910794020796
FL,uti,36.654125821380006
FL,nmp,5.343673021870514
FL,brd,19.907426562191002
FL,bnk,16.309250621979338
FL,ore,59.85995974889669
FL,edu,10.849547944050904
FL,ote,2.7869987425744576
FL,man,16.94718319022814
FL,mch,3.3485655246636474
FL,dat,8.836287749520599
FL,amd,6.7614519934751
FL,oil,0.006684799281095837
FL,hos,37.62795540108806
FL,rnt,15.454645711800236
FL,pla,2.039641154041383
FL,fof,2.202039295016735
FL,fin,4.5754784204461005
FL,tsv,64.78474207088318
FL,nrs,7.915846955393618
FL,sec,14.544971145347828
FL,art,6.227449694521173
FL,mov,1.6960835718341314
FL,fpd,1.0687426225599417
FL,slg,40.979117657805325
FL,pri,1.2152121155107565
FL,grd,1.8456010494528676
FL,pip,0.34302488220449207
FL,sle,2.9583630642956726
FL,osv,32.291773604345394
FL,trn,1.532290581994573
FL,smn,0.08745921141520635
FL,fmt,4.592936299095929
FL,pet,3.7935181131953057
FL,mvt,9.55312285602784
FL,cep,0.3414140665444272
FL,wst,4.778367648599735
FL,mot,0.801387561624348
FL,adm,37.79472249240115
FL,soc,8.477597910077016
FL,alt,0.07979429854684522
FL,pmt,3.3724860784602493
FL,trk,11.711633371321494
FL,fdd,13.439378022748143
FL,gmt,6.656463354229823
FL,wtt,0.9385581569706822
FL,wpd,3.926535769607067
FL,wht,64.45952317713075
FL,wrh,4.553880858109762
FL,ott,37.470857491986806
FL,che,6.03856076349714
FL,air,5.50585360022339
FL,mmf,2.5239494611774775
FL,otr,12.715042265274471
FL,min,1.2030409385194454
GA,ppd,3.0136655225630316
GA,res,11.142094562725346
GA,com,8.017027324269163
GA,amb,17.323898652339075
GA,fbp,15.47789955755031
GA,rec,2.4523628295072952
GA,con,31.986271814518016
GA,agr,3.311802197491096
GA,eec,1.3201019820206654
GA,fnd,3.616341878204334
GA,pub,4.29286558172586
GA,hou,34.07085211523361
GA,fbt,3.8650055646641808
GA,ins,14.339256000856507
GA,tex,1.050243726692522
GA,leg,4.795269655839765
GA,fen,1.0549832893875168
GA,uti,19.38275248176
GA,nmp,2.6966012490059774
GA,brd,12.983851035118072
GA,bnk,14.708278248370501
GA,ore,22.52809392073259
GA,edu,5.761733615536983
GA,ote,1.5010795344969219
GA,man,9.149523189856117
GA,mch,2.819871890221576
GA,dat,5.75664929763505
GA,amd,2.5804362924909667
GA,hos,16.647673646266988
GA,rnt,7.174808039483042
GA,pla,3.316963509455423
GA,fof,1.360563083864955
GA,fin,2.0247878497609966
GA,tsv,31.486833059644766
GA,nrs,3.228786081573003
GA,sec,4.765840475967202
GA,art,1.6039769488121174
GA,mov,3.022476756687398
GA,fpd,1.2187783387965538
GA,slg,15.33709411722659
GA,pri,0.6503454196703056
GA,grd,0.729178505641008
GA,pip,0.663466168805932
GA,sle,1.516499086359557
GA,osv,13.330339313986013
GA,trn,1.1648238561611712
GA,smn,0.09689509661657147
GA,fmt,3.3153109845813975
GA,pet,2.1738006659603317
GA,mvt,4.706953318028709
GA,wst,1.7233069910507541
GA,mot,5.604284237922328
GA,adm,17.401256631248042
GA,soc,2.3074961549039585
GA,alt,0.1520705003342347
GA,pmt,2.1953450390539095
GA,trk,6.1401377570642195
GA,fdd,5.029903457963859
GA,gmt,3.279729858363423
GA,wtt,0.11638611363745381
GA,wpd,3.565022849338395
GA,wht,32.01490705637242
GA,wrh,2.7296548109286047
GA,ott,18.419497496574536
GA,che,3.392768253776113
GA,air,2.4050436930957826
GA,mmf,0.5953583810874539
GA,otr,6.069611426348559
GA,min,1.066517765358043
HI,ppd,0.024318945853536732
HI,res,3.2131069253947935
HI,com,0.7279522017546362
HI,amb,3.0683926755872446
HI,fbp,1.278813291442713
HI,rec,0.5728240229403815
HI,con,6.502652457220999
HI,agr,0.6816770113560138
HI,eec,0.0017129281869204087
HI,fnd,1.267708801510608
HI,pub,0.1836384824888677
HI,hou,7.1271001830866805
HI,fbt,0.6116347974791638
HI,ins,1.9694562025133502
HI,tex,0.013280329147175573
HI,leg,0.5235810881065436
HI,fen,0.24916490413995412
HI,uti,3.83252711634
HI,nmp,0.2389913604528935
HI,brd,1.1868291170771617
HI,bnk,1.2356533299200152
HI,ore,4.712566633508891
HI,edu,1.1671394814395324
HI,ote,0.006068401607358383
HI,man,0.9131684136248722
HI,mch,0.004336424195603271
HI,dat,0.35027120860955885
HI,amd,0.4988463139514693
HI,oil,0.0017354070361271334
HI,hos,2.891411750573548
HI,rnt,1.3149459682720805
HI,pla,0.04574586108809574
HI,fof,0.20746441399412555
HI,fin,0.39133308557529484
HI,tsv,3.724456635577612
HI,nrs,0.5414097686401265
HI,sec,0.2421332489391979
HI,art,0.44364547189810305
HI,mov,0.2606768655648355
HI,fpd,0.03982664502969434
HI,slg,5.3764190047839175
HI,pri,0.06691034469592301
HI,grd,0.47197760262588456
HI,pip,0.018505041983820324
HI,sle,0.43196364863395487
HI,osv,2.7105703113111757
HI,trn,0.0031060201644133
HI,smn,0.002396487803125191
HI,fmt,0.0388023501305734
HI,pet,1.2139257884007175
HI,mvt,0.7448725212033455
HI,cep,0.015255888782699727
HI,wst,0.5742073224519502
HI,mot,0.0021635456502892845
HI,adm,2.2593789586091177
HI,soc,0.5434961315922981
HI,alt,0.019864309728904687
HI,pmt,0.006193501950039466
HI,trk,0.773698639836887
HI,fdd,1.763232874305803
HI,gmt,0.5190152702615254
HI,wtt,0.08252028220270301
HI,wpd,0.03994136144648286
HI,wht,4.508365633658097
HI,wrh,0.05742968409599048
HI,ott,2.912552693033141
HI,che,0.12342182233934351
HI,air,0.405025434838605
HI,mmf,0.036617107298610334
HI,otr,0.9548507450301675
HI,min,0.12539502860738724
ID,ppd,0.31219569493485566
ID,res,2.191372750520029
ID,com,0.791779723714956
ID,amb,2.706088919594936
ID,fbp,3.4588728802113513
ID,rec,0.2605714092336815
ID,con,5.66561171541172
ID,agr,2.3642171080799677
ID,eec,0.11911594569037912
ID,fnd,1.0408597749880064
ID,pub,0.282756254834146
ID,hou,5.071456431896992
ID,fbt,0.6026090006543559
ID,ins,1.5738225127840932
ID,tex,0.012032583097243156
ID,leg,0.34250472468186965
ID,fen,0.15779911794392693
ID,uti,2.47748799519
ID,nmp,0.2529311398257993
ID,brd,0.638621661673878
ID,bnk,1.435698917920195
ID,ore,3.3142795871389796
ID,edu,0.592139306213878
ID,ote,0.008211536761349841
ID,man,0.8024694379864086
ID,mch,0.2048134594405933
ID,dat,0.4427133315944
ID,amd,0.3336558195469848
ID,oil,0.009937489732800155
ID,hos,2.6849733607777684
ID,rnt,0.5488292055315354
ID,pla,0.3897359421764609
ID,fof,0.480499355485121
ID,fin,0.3804089973528841
ID,tsv,3.8406510876321813
ID,nrs,0.5679529528462416
ID,sec,0.39956673381998054
ID,art,0.2839190750611088
ID,mov,0.050393712610848344
ID,fpd,0.16873050447310692
ID,slg,2.9920379003513267
ID,pri,0.03998773513523016
ID,grd,0.11062596578242637
ID,pip,0.031248216250774993
ID,sle,0.16785431714222096
ID,osv,1.670014125749336
ID,trn,0.1916068940269548
ID,smn,0.05586383223598772
ID,fmt,0.4820172499016179
ID,pet,0.05264367976328293
ID,mvt,0.7338805566119376
ID,cep,0.49775227276341144
ID,wst,0.35601463906691655
ID,mot,0.22107835248564084
ID,adm,2.0766803834902468
ID,soc,0.5643671483912702
ID,alt,0.009127913049752067
ID,pmt,0.12104768343536286
ID,trk,0.9974865109457928
ID,fdd,1.4128920748841312
ID,gmt,0.5113562449777115
ID,wtt,0.012518809283507955
ID,wpd,0.6697288035537
ID,wht,4.934637655310842
ID,wrh,0.13333604920427108
ID,ott,2.866976774779628
ID,che,0.1988196315209103
ID,air,0.1659695308831834
ID,mmf,0.039776008150519945
ID,otr,0.804323780463053
ID,min,0.2401554711184496
IL,ppd,2.0021400565769842
IL,res,20.818532217664835
IL,com,11.347081940191897
IL,amb,21.89032942664268
IL,fbp,16.06741657697574
IL,rec,3.616349594009662
IL,con,35.85588376448899
IL,agr,10.645901086090399
IL,eec,2.8333883704326026
IL,fnd,7.206692379726615
IL,pub,4.509942496466032
IL,hou,46.91500298119574
IL,fbt,5.683105065951052
IL,ins,27.196549671251738
IL,tex,0.19231611020547015
IL,leg,8.436087312111386
IL,fen,1.344282189620308
IL,uti,24.71627235339
IL,nmp,2.777390261067912
IL,brd,12.435909284240656
IL,bnk,20.69648197676598
IL,ore,33.73217566599823
IL,edu,8.266383794974994
IL,ote,0.02101653326161707
IL,man,12.429042614150301
IL,mch,5.557207140095254
IL,dat,7.659121932424867
IL,amd,3.735844766242185
IL,oil,0.10218676524592459
IL,hos,24.27554540607132
IL,rnt,9.797923382055547
IL,pla,4.441994756373867
IL,fof,0.803688135901661
IL,fin,3.827945030410637
IL,tsv,50.22113467498048
IL,nrs,5.130096199896373
IL,sec,13.137019581533208
IL,art,3.455099508066313
IL,mov,1.0208357925793217
IL,fpd,1.4137796519304988
IL,slg,22.27514207927099
IL,pri,0.9540532928753173
IL,grd,2.1246947393599807
IL,pip,1.343706304654912
IL,sle,1.2964259161314202
IL,osv,19.43784324509832
IL,trn,1.8071454074720927
IL,smn,0.12983160595161702
IL,fmt,5.766462177281069
IL,pet,15.05308102056526
IL,mvt,6.921105234995518
IL,cep,1.2364541775489968
IL,wst,2.9717351577242708
IL,mot,5.861000858957693
IL,adm,24.28374929642557
IL,soc,5.56586388301246
IL,alt,0.20488534537202835
IL,pmt,4.827408943358814
IL,trk,9.447944494696593
IL,fdd,9.820772590549023
IL,gmt,4.822515533592923
IL,wtt,0.7105677961144999
IL,wpd,1.0810300553146814
IL,wht,47.03631680361778
IL,wrh,3.6915520051350112
IL,ott,27.068430405328126
IL,che,14.06593152682941
IL,air,3.607142842868288
IL,mmf,1.636934007937273
IL,otr,9.386231564210124
IL,min,0.8154298964049839
IN,ppd,0.8361005935850543
IN,res,4.414696173570495
IN,com,2.180308949892415
IN,amb,8.526508609673423
IN,fbp,7.424203231344864
IN,rec,0.897772322163173
IN,con,13.702931551758606
IN,agr,5.436869134395803
IN,eec,0.29279922400672787
IN,fnd,1.7025309094017955
IN,pub,0.4947147805701181
IN,hou,11.954805561019043
IN,fbt,2.4496918514700963
IN,ins,6.939820919619795
IN,tex,0.10014938018156898
IN,leg,1.2387559877843661
IN,fen,0.36896778637196037
IN,uti,11.5676703405
IN,nmp,1.7924600332392995
IN,brd,2.032230907130166
IN,bnk,2.923418119194211
IN,ore,7.862080279465788
IN,edu,1.7120275460528704
IN,ote,0.3646599156388373
IN,man,2.6743130055982154
IN,mch,2.8760814330770614
IN,dat,0.7498866863114924
IN,amd,0.8461942450122255
IN,oil,0.004891986435173468
IN,hos,7.7967112794366376
IN,rnt,2.2031563330673114
IN,pla,1.9767203822715282
IN,fof,0.6361066560350269
IN,fin,0.8577818156890409
IN,tsv,10.35244704395786
IN,nrs,1.9409187959126792
IN,sec,1.1390052362199354
IN,art,0.7782805925307755
IN,mov,0.09847768004491889
IN,fpd,0.9815597758108023
IN,slg,4.21227865505297
IN,pri,0.3467966886224838
IN,grd,0.23082647980445867
IN,pip,0.501423450519133
IN,sle,0.2585976294335433
IN,osv,4.771834796874226
IN,trn,0.8114043129235897
IN,smn,0.06948570709445905
IN,fmt,4.056462303785837
IN,pet,3.9280754721223388
IN,mvt,2.9833295180331576
IN,cep,0.19248126402187354
IN,wst,0.8293423358808729
IN,mot,18.023402709683626
IN,adm,6.026013460328672
IN,soc,2.1223992163823304
IN,alt,0.026266685467720097
IN,pmt,7.270669780483576
IN,trk,4.149538421068582
IN,fdd,2.3680189531188733
IN,gmt,2.078736336762333
IN,wtt,0.2789337844911448
IN,wpd,2.0284986016872226
IN,wht,20.058573093545167
IN,wrh,1.1157114898175573
IN,ott,11.632166682356187
IN,che,1.9597575784324102
IN,air,0.33211579009964876
IN,mmf,0.5614981979279634
IN,otr,2.1813957745235197
IN,min,0.6513568837807141
IA,ppd,0.3926365003107128
IA,res,3.735655407684201
IA,com,1.2507457123832573
IA,amb,4.518550405522535
IA,fbp,6.439637886844119
IA,rec,0.5206029842856832
IA,con,9.077544135755737
IA,agr,8.490514631986073
IA,eec,0.3907233313295678
IA,fnd,1.4037780066232606
IA,pub,0.6959197798651519
IA,hou,7.681546846923263
IA,fbt,1.4907289187816304
IA,ins,9.762891109281563
IA,tex,0.012508624519085663
IA,leg,0.6825985228126705
IA,fen,0.2936919915708876
IA,uti,5.89737641562
IA,nmp,0.5905687292272583
IA,brd,1.7186083354227466
IA,bnk,3.710043912606256
IA,ore,5.054005324917947
IA,edu,1.2035870285413128
IA,ote,0.04383502480861668
IA,man,2.1753590253853425
IA,mch,3.4721094227613016
IA,dat,0.8039000269976242
IA,amd,0.5866575947498537
IA,oil,0.0008304214229950577
IA,hos,3.625738392658048
IA,rnt,1.2483345630918046
IA,pla,0.8267580190991034
IA,fof,1.2054853337704026
IA,fin,0.31184358815365815
IA,tsv,5.675199605691094
IA,nrs,0.8033210922018357
IA,sec,0.8504391581738983
IA,art,0.5372119816487251
IA,mov,0.07713259937189791
IA,fpd,0.3451826640192636
IA,slg,5.447013291758688
IA,pri,0.15528828080561002
IA,grd,0.1567146300537858
IA,pip,0.20515573141103755
IA,sle,0.31254844875620835
IA,osv,3.1308574009986727
IA,trn,0.5083590265767141
IA,smn,0.015385760641413964
IA,fmt,0.8383115073539558
IA,pet,0.2621184822511584
IA,mvt,1.8154673552585727
IA,cep,0.44466919168512226
IA,wst,0.496329463549124
IA,mot,0.6749099472038785
IA,adm,3.270986561700502
IA,soc,1.193775359853483
IA,alt,0.012736586624644943
IA,pmt,0.9904541259179611
IA,trk,2.5476055174682544
IA,fdd,1.39801210412466
IA,gmt,1.2649886433161561
IA,wtt,0.036643576216697865
IA,wpd,0.6574656784362242
IA,wht,12.16988907614058
IA,wrh,0.7495048804577775
IA,ott,7.078966303484524
IA,che,2.5526516834285116
IA,air,0.12318067367481542
IA,mmf,0.2285455026210676
IA,otr,1.135696362769117
IA,min,0.16031177015329615
KS,ppd,0.1898939152363755
KS,res,2.237123938703634
KS,com,1.544820798872989
KS,amb,4.634496794597243
KS,fbp,4.4955015621808965
KS,rec,0.5492032571042987
KS,con,7.2730053326890856
KS,agr,5.061135179273078
KS,eec,0.2725606072703066
KS,fnd,1.3406856331882258
KS,pub,0.46286284753533596
KS,hou,7.270791482153895
KS,fbt,1.1027077681589406
KS,ins,4.426559434002285
KS,tex,0.0409310991107089
KS,leg,0.5953292255304639
KS,fen,0.2864580461051386
KS,uti,5.33761182054
KS,nmp,0.6112716453201971
KS,brd,3.2045350136919044
KS,bnk,2.001055919208211
KS,ore,4.810508927095845
KS,edu,1.254822266006785
KS,ote,1.204801705812696
KS,man,2.4340475541779756
KS,mch,1.2590025373942222
KS,dat,0.6522430069058629
KS,amd,0.5900538101641647
KS,oil,0.13420079657607803
KS,hos,4.601994071117625
KS,rnt,1.7636881602547427
KS,pla,0.75109271526149
KS,fof,0.6124308995177515
KS,fin,0.42221936202855265
KS,tsv,6.901936498897673
KS,nrs,0.9780531243111581
KS,sec,1.19608692843082
KS,art,0.33790505655906855
KS,mov,0.0499025751931692
KS,fpd,0.2762438381903954
KS,slg,5.685917546134274
KS,pri,0.08743463546417451
KS,grd,0.28432914003412185
KS,pip,0.3183836989842697
KS,sle,0.4616195211686862
KS,osv,3.3479519562328615
KS,trn,0.4127026521109162
KS,smn,0.3048115215122479
KS,fmt,0.5866533099116942
KS,pet,3.415947456168465
KS,mvt,1.3429201850587082
KS,cep,0.24077268108692282
KS,wst,0.49327294630875573
KS,mot,1.0332791853505874
KS,adm,4.238517572522998
KS,soc,1.0551600059708701
KS,alt,0.0113713799568109
KS,pmt,0.11963735641530715
KS,trk,2.1244266736787
KS,fdd,1.8647350083724512
KS,gmt,0.9357253260757993
KS,wtt,0.012747256525226286
KS,wpd,0.3530774181964928
KS,wht,9.165325212706362
KS,wrh,0.6950695800932754
KS,ott,5.24319162865741
KS,che,1.7025867454947223
KS,air,0.09665530248670412
KS,mmf,0.15135921905938182
KS,otr,1.4754432592874274
KS,min,0.35312368248570836
KY,ppd,0.7725308946960715
KY,res,2.2564855897624425
KY,com,0.868527272851546
KY,amb,4.4239347983214525
KY,fbp,7.037325500252608
KY,rec,0.6089772395418577
KY,con,5.520999254799152
KY,agr,3.386790009827436
KY,eec,0.3554646381191278
KY,fnd,1.6288173271883108
KY,hou,6.294185689321738
KY,fbt,1.0715015286562763
KY,ins,3.7125302974305514
KY,tex,0.05129773106451726
KY,leg,0.6404784534691274
KY,fen,0.2469361807674602
KY,uti,7.43606026569
KY,nmp,0.6558113519879283
KY,brd,1.6505288098957325
KY,bnk,1.7790337927493425
KY,ore,4.156971224205253
KY,edu,1.1284709857169215
KY,man,1.3283689260412799
KY,mch,1.143128757283205
KY,dat,0.44488150968364243
KY,amd,0.5118125720577144
KY,oil,0.05859101129351252
KY,hos,4.873894499757577
KY,rnt,1.024482357563092
KY,pla,0.9864687513858109
KY,fof,0.57815173163064
KY,fin,0.3328158934439819
KY,tsv,4.531239606551685
KY,nrs,1.0323251583946593
KY,sec,0.7043259424420166
KY,art,0.3113951180344789
KY,mov,0.06634475108124671
KY,fpd,0.22467714222230373
KY,slg,7.374041295218306
KY,pri,0.19281516752593544
KY,grd,0.21119024224282787
KY,pip,0.26222412221504815
KY,sle,0.4075410477358085
KY,osv,2.750467656391575
KY,trn,0.3396947758906072
KY,smn,0.15682382493818658
KY,fmt,1.1838951992104305
KY,pet,2.76461432463651
KY,mvt,1.3049160191881148
KY,wst,0.5345252077311701
KY,mot,5.451407111775905
KY,adm,3.363803206104333
KY,soc,0.9747491894888095
KY,alt,0.01470221708181476
KY,pmt,1.3731909880363689
KY,trk,1.7822751313794916
KY,fdd,1.9192634080292423
KY,gmt,0.9092446305756827
KY,wtt,0.12133687807993916
KY,wpd,0.7255472380033532
KY,wht,8.780648183906946
KY,wrh,0.6202925920686073
KY,ott,5.10142552564217
KY,che,0.2739929444937479
KY,air,0.28169993712642166
KY,mmf,0.021297763619246752
KY,otr,1.4851028135880513
KY,min,0.6462858447320055
LA,ppd,1.208649469329531
LA,res,6.983900729428158
LA,com,1.2184953205480988
LA,amb,7.884081623689945
LA,fbp,1.9742145912070865
LA,rec,1.1281029478230764
LA,con,15.862879208694928
LA,agr,1.7121153280706916
LA,eec,0.05182522855977193
LA,fnd,2.8850158113406827
LA,pub,0.30388292687304275
LA,hou,11.93152682545407
LA,fbt,1.6646586158707013
LA,ins,6.338240026977127
LA,tex,0.039225842894281895
LA,leg,2.024739255590023
LA,fen,0.4630251816501599
LA,uti,8.1040170366
LA,nmp,0.9605984128522828
LA,brd,2.419364864337284
LA,bnk,3.471778546261989
LA,ore,7.873105752255075
LA,edu,2.389654913266851
LA,ote,0.39896733692799263
LA,man,2.183561305112735
LA,mch,1.208491321165656
LA,dat,0.6825918993971013
LA,amd,0.9489485407544582
LA,hos,8.499047262057696
LA,rnt,2.8919757192018682
LA,pla,1.4263412907794109
LA,fof,0.6087470658269502
LA,fin,0.827825079638083
LA,tsv,8.950603323713297
LA,nrs,1.847151761815261
LA,sec,0.8949266032088776
LA,art,0.8960604972734949
LA,mov,0.5834810620394602
LA,fpd,0.13570611364377652
LA,slg,12.23550220606101
LA,pri,0.08033821634766068
LA,grd,0.3474367143159582
LA,pip,0.6503138332033866
LA,sle,0.6483927692558573
LA,osv,5.319263489752801
LA,trn,0.7921637748766449
LA,smn,3.6546743016651573
LA,fmt,1.7921929630865803
LA,pet,5.203555564402228
LA,mvt,2.0272856699078203
LA,cep,0.11372116415217946
LA,wst,0.9707509831101048
LA,mot,0.04436776687490748
LA,adm,5.6368736410195295
LA,soc,1.658995586588602
LA,alt,0.017964628370603912
LA,pmt,0.6733125621734778
LA,trk,4.172634151314634
LA,fdd,3.389695869895463
LA,gmt,1.4125802602634645
LA,wtt,0.28227479450596366
LA,wpd,1.3155778418137496
LA,wht,13.714351499126419
LA,wrh,0.6209819310171789
LA,ott,7.940962775312326
LA,che,5.481395822891537
LA,air,0.4957567396684244
LA,mmf,0.19334321595823886
LA,otr,2.294732847905146
ME,ppd,0.478349336071249
ME,res,1.967371958273119
ME,com,0.6002701202024056
ME,amb,2.0150408329694116
ME,fbp,1.7660096932338611
ME,rec,0.26597844321774455
ME,con,2.329006429712593
ME,agr,0.6025887431192068
ME,eec,0.025538110092353215
ME,fnd,0.740598840719113
ME,pub,0.18169250602160614
ME,hou,4.18728525838886
ME,fbt,0.36698619361611495
ME,ins,1.72420381560278
ME,tex,0.06048480196629595
ME,leg,0.37277574314653456
ME,fen,0.11091557397536088
ME,uti,1.87050276135
ME,nmp,0.1857199151366508
ME,brd,0.44946613115722356
ME,bnk,1.2821763795387515
ME,ore,2.6343265890627015
ME,edu,0.6084428628085332
ME,ote,0.175693294185698
ME,man,0.8964826128294429
ME,mch,0.12629217218212022
ME,dat,0.20703391074032568
ME,amd,0.3277681573316662
ME,hos,2.3455061235807912
ME,rnt,0.4116960361173934
ME,pla,0.2168765044642325
ME,fof,0.1639598548425327
ME,fin,0.0974050017508067
ME,tsv,2.287334806009907
ME,nrs,0.4948619988257907
ME,sec,0.2979185109814859
ME,art,0.26311522729944964
ME,mov,0.055463559305295625
ME,fpd,0.09704226375522695
ME,slg,1.7255737659173493
ME,pri,0.1234979187095265
ME,grd,0.09930176251881023
ME,pip,0.044961262208646026
ME,sle,0.09767445186625587
ME,osv,1.3967962385615187
ME,trn,0.10413785870820275
ME,smn,0.0011315505920397022
ME,fmt,0.23429215060068578
ME,pet,0.35750162149020015
ME,mvt,0.44692998569128484
ME,cep,0.04130233614453079
ME,wst,0.23944180853660885
ME,mot,0.10995889151226164
ME,adm,1.3630670183955522
ME,soc,0.5377703074729654
ME,alt,0.020165466568799206
ME,pmt,0.03446548299082922
ME,trk,0.5566006084247722
ME,fdd,1.2631973233409914
ME,gmt,0.31141367241847456
ME,wtt,0.02592640318443861
ME,wpd,0.5378570622002742
ME,wht,2.9989678971903264
ME,wrh,0.15648796703710752
ME,ott,1.7555827628880583
ME,che,0.24938264376524757
ME,air,0.05507361339619938
ME,mmf,0.10600227021816092
ME,otr,0.3626251353688741
ME,min,0.05495760771238531
MD,ppd,0.10772968217698532
MD,res,6.228192403060284
MD,com,6.524858157231988
MD,amb,8.910755963462321
MD,fbp,5.440810401937043
MD,rec,1.5077745570577912
MD,con,19.390474667543387
MD,agr,0.9754791777760232
MD,eec,0.03638969170349223
MD,fnd,6.17345114646217
MD,pub,2.3483860043632108
MD,hou,19.577032479943643
MD,fbt,1.654776031666398
MD,ins,5.5803434797604154
MD,tex,0.02853964227558337
MD,leg,2.2697354842347712
MD,fen,0.4930294241694366
MD,uti,12.58863244389
MD,nmp,0.8103993933306167
MD,brd,5.414822395311035
MD,bnk,3.858733331669042
MD,ore,11.710037734224723
MD,edu,3.0813603593973893
MD,man,2.651511093768066
MD,mch,0.2930714732319112
MD,dat,2.037239606464653
MD,amd,1.354030250985592
MD,hos,8.498748140229107
MD,rnt,2.9448229771728553
MD,pla,0.8427249681539036
MD,fof,0.11160630101021637
MD,fin,1.1532834254607978
MD,tsv,20.41066969267177
MD,nrs,1.8261041249421535
MD,sec,3.414219934531695
MD,art,1.2273863717357114
MD,mov,0.2591375114622726
MD,fpd,0.2694797396598253
MD,slg,26.181927608258583
MD,pri,0.39647503428756103
MD,grd,0.9337991423221115
MD,pip,0.10620951548506172
MD,sle,1.0494668971996108
MD,osv,6.042802883116742
MD,trn,0.4819495324582805
MD,smn,0.02994543616283674
MD,fmt,0.8820767394957068
MD,pet,1.987735365592608
MD,mvt,2.0152502764956024
MD,cep,1.1232811272708152
MD,wst,1.2084615685535451
MD,adm,8.431423713954342
MD,soc,1.948629048763763
MD,alt,0.031910921374689954
MD,pmt,0.10205611344805884
MD,trk,2.625056238906798
MD,fdd,8.586539745213218
MD,gmt,1.4041941904505326
MD,wtt,0.24475751469012602
MD,wpd,0.47374440700346937
MD,wht,13.48218608690245
MD,wrh,1.0543029436058835
MD,ott,7.896117658307786
MD,che,1.7128420199347987
MD,air,0.8293126035814642
MD,mmf,0.378933008091081
MD,otr,2.1419376727146466
MA,ppd,0.9994862193493933
MA,res,9.851832228143786
MA,com,9.78817323479169
MA,amb,13.715798283897334
MA,fbp,5.338943478304297
MA,rec,2.281238725620762
MA,con,19.85142828671228
MA,agr,0.22451628884537256
MA,eec,0.6372807297270394
MA,fnd,4.4528396629555465
MA,pub,6.00625412970071
MA,hou,25.703993405481867
MA,fbt,2.48685245653562
MA,ins,13.990386475281737
MA,tex,0.23819376941946308
MA,leg,4.3548220522414
MA,fen,0.6750709251546056
MA,uti,16.03265622876
MA,nmp,0.8467518223925323
MA,brd,4.433199019783761
MA,bnk,9.315274694136779
MA,ore,18.51962601471087
MA,edu,4.54102401099192
MA,ote,0.2777677816848249
MA,man,6.3614106219220075
MA,mch,0.3980260774893371
MA,dat,5.694802283163385
MA,amd,2.143719309488518
MA,oil,0.009840243361234905
MA,hos,13.271815194298243
MA,rnt,4.592815516371109
MA,pla,1.2668253896571322
MA,fof,0.4897252220950157
MA,fin,2.257806920449967
MA,tsv,37.14700815593392
MA,nrs,2.8074074542916416
MA,sec,8.36272952501593
MA,art,1.8721265409943364
MA,mov,0.6571486891163215
MA,fpd,0.26353115919282555
MA,slg,25.17046049373995
MA,pri,0.6727520571357031
MA,grd,1.2971341115324542
MA,pip,0.172807691384644
MA,sle,1.2791065973649092
MA,osv,9.136124983408623
MA,trn,0.6322472947125933
MA,smn,0.01082421727204357
MA,fmt,2.6379630617243617
MA,pet,1.6759435104001856
MA,mvt,3.0285851406672526
MA,cep,1.9648881483181635
MA,wst,1.7998542098310089
MA,mot,0.07001230645187186
MA,adm,10.767331122817675
MA,soc,3.0428406628439584
MA,alt,0.09937161422524944
MA,pmt,0.4264780512036105
MA,trk,3.419513372482357
MA,fdd,5.484788464704268
MA,gmt,2.1102697314623318
MA,wtt,0.2920032440239536
MA,wpd,0.27385752658692697
MA,wht,20.325941103347173
MA,wrh,0.7723367520438076
MA,ott,11.845900379599916
MA,che,7.53496286580813
MA,air,1.0697413528564783
MA,mmf,1.0498529040589228
MA,otr,2.1263083874798503
MA,min,0.09924785414485701
MI,ppd,1.8559517662188953
MI,res,11.005411632220179
MI,com,5.0299236048204765
MI,amb,14.26838898562985
MI,fbp,8.976009228338931
MI,rec,1.5047663176125032
MI,con,21.1520611353754
MI,agr,4.345379346942838
MI,eec,1.05600144178529
MI,fnd,5.353685934461284
MI,pub,1.8848520692952415
MI,hou,29.067639804893165
MI,fbt,4.7726604522077904
MI,ins,13.667660661134835
MI,tex,0.0998947033502687
MI,leg,3.3663887924902793
MI,fen,0.811643353551137
MI,uti,15.774890577119999
MI,nmp,1.7598593313328779
MI,brd,4.647731184700548
MI,bnk,7.742902114185861
MI,ore,19.095269476157704
MI,edu,2.64048471344028
MI,ote,0.44517732272733673
MI,man,8.471777811717946
MI,mch,5.148636338715296
MI,dat,3.5538033018269135
MI,amd,1.7972814227315408
MI,hos,16.808746241009192
MI,rnt,5.683989268719359
MI,pla,3.9397532588869093
MI,fof,0.9179442153059914
MI,fin,1.1602347047597712
MI,tsv,28.78816383615069
MI,nrs,3.545059260290808
MI,sec,2.730603168848809
MI,art,1.64668903648305
MI,mov,0.2776890413997849
MI,fpd,1.2310351087444018
MI,slg,8.231534425502824
MI,pri,0.5411480015840806
MI,grd,0.5084595754190121
MI,pip,0.944351725222013
MI,sle,0.504102033581332
MI,osv,10.007954342441126
MI,trn,0.7984350663248292
MI,smn,0.21689002810361022
MI,fmt,6.371099270616372
MI,pet,3.0688867082939884
MI,mvt,5.812330558260335
MI,cep,0.5038972514656717
MI,wst,1.7302694973363868
MI,mot,36.94246315899062
MI,adm,13.01578311311439
MI,soc,3.6494035360161643
MI,alt,0.08627798971189285
MI,pmt,4.208253567134492
MI,trk,6.34121499879576
MI,fdd,5.788928802455694
MI,gmt,4.049939056244598
MI,wtt,0.36901103589485257
MI,wpd,2.7587191024158857
MI,wht,39.03986594064949
MI,wrh,1.8229674404213458
MI,ott,22.674836778848857
MI,che,3.6441288269492356
MI,air,1.7533785066947336
MI,mmf,1.2480612189397344
MI,otr,3.4158743536237504
MI,min,0.7619156200088969
MN,ppd,1.6973961452040705
MN,res,6.060181794768379
MN,com,4.6077140582619895
MN,amb,11.383852744772652
MN,fbp,9.473398399763312
MN,rec,1.4255375637865444
MN,con,18.7255584091037
MN,agr,5.446002312128164
MN,eec,0.5253691130177106
MN,fnd,3.519360214574794
MN,pub,2.132684682652963
MN,hou,19.36583221866533
MN,fbt,2.206147274925999
MN,ins,11.45750162066092
MN,tex,0.06408057047335462
MN,leg,2.7890377174710066
MN,fen,0.5335511574330247
MN,uti,8.780355297449999
MN,nmp,1.3528057946109957
MN,brd,4.636512283231995
MN,bnk,8.738362584772391
MN,ore,12.719177992879894
MN,edu,2.4565641297731817
MN,ote,0.9514519467494199
MN,man,5.240218503640278
MN,mch,2.581011670242005
MN,dat,2.2227182145289635
MN,amd,1.1730661457260816
MN,oil,0.00033287593647795286
MN,hos,10.950351887419774
MN,rnt,2.2461567076595474
MN,pla,1.6220015108409758
MN,fof,0.5296753563281558
MN,fin,1.6543088812318612
MN,tsv,16.61569691271237
MN,nrs,2.3102648126277634
MN,sec,4.493933538080355
MN,art,1.2486439712418307
MN,mov,0.23754383849956384
MN,fpd,0.711587467947665
MN,slg,6.871962093114505
MN,pri,0.48865908471779795
MN,grd,0.7220241536979273
MN,pip,0.44147737786750446
MN,sle,0.3997214612603488
MN,osv,6.6179375736561985
MN,trn,0.7050677072891378
MN,smn,0.04380121613841377
MN,fmt,2.56995419606391
MN,pet,4.860435840857554
MN,mvt,2.686731509706166
MN,cep,1.2730338807668715
MN,wst,1.14961820910562
MN,mot,0.6530463294024409
MN,adm,7.491435774857888
MN,soc,2.510705356414578
MN,alt,0.037510636775411485
MN,pmt,1.008555309508737
MN,trk,3.6625497893562375
MN,fdd,2.9769033657584285
MN,gmt,1.8720715839772866
MN,wtt,0.2090908512132653
MN,wpd,1.8857393674854384
MN,wht,18.134881525090247
MN,wrh,0.7299410671027379
MN,ott,10.485900939169577
MN,che,3.151614282086708
MN,air,1.1487463813888794
MN,mmf,0.7727292426698392
MN,otr,2.160559584671382
MN,min,0.7101910755852838
MS,ppd,0.3815718185542836
MS,res,1.8100498964124108
MS,com,0.3207635216177409
MS,amb,2.0613672497727755
MS,fbp,2.9711124527473496
MS,rec,0.23286528892743497
MS,con,2.391147866285995
MS,agr,1.7616307319698865
MS,eec,0.08700407414363502
MS,fnd,0.6636038361682081
MS,pub,0.10327143433102573
MS,hou,3.0497154173636045
MS,fbt,0.5046012156481199
MS,ins,1.214304688645017
MS,tex,0.0556204357156587
MS,leg,0.34176923648035284
MS,fen,0.11764616035004584
MS,uti,4.41865418787
MS,nmp,0.3075684639490713
MS,brd,0.8192647605350594
MS,bnk,1.1158840963851706
MS,ore,2.0140837463436942
MS,edu,0.5160556000454797
MS,ote,1.1369394728519528
MS,man,0.5812741719534354
MS,mch,0.4173957688304735
MS,dat,0.11654916521309303
MS,amd,0.2362280877188822
MS,oil,0.1845708289143204
MS,hos,1.7534866391454687
MS,rnt,0.562933939461026
MS,pla,0.298824577132413
MS,fof,0.6471798358640581
MS,fin,0.14883232197992638
MS,tsv,1.6266632131982326
MS,nrs,0.2953716679162487
MS,sec,0.14339010577455746
MS,art,0.15700986972017456
MS,mov,0.03902191930715182
MS,fpd,0.35217172989174733
MS,slg,2.814378406344001
MS,pri,0.024526443113798344
MS,grd,0.09147708531999513
MS,pip,0.14021480799915556
MS,sle,0.1993443784900747
MS,osv,1.3735879559811843
MS,trn,0.1838338201642934
MS,smn,0.13864298505976125
MS,fmt,0.5458971861820283
MS,pet,1.0018453471878324
MS,mvt,0.6145228840007134
MS,wst,0.26165826385489194
MS,mot,0.7971594883103164
MS,adm,1.470880654293181
MS,soc,0.445980866537551
MS,alt,0.017700761882890576
MS,pmt,0.5904186946817678
MS,trk,0.9397154869653205
MS,fdd,0.9229943801642791
MS,gmt,0.4281897259496996
MS,wtt,0.06554261234311125
MS,wpd,1.0212501539252434
MS,wht,4.107907515339499
MS,wrh,0.3073746976573161
MS,ott,2.4054537683479764
MS,che,0.07257341391266686
MS,air,0.03888508742902273
MS,otr,0.5939405342280242
MS,min,0.12296432277635844
MO,ppd,1.187336767969486
MO,res,5.8478065173313025
MO,com,3.6585208484300553
MO,amb,7.642063625683971
MO,fbp,9.306879287922978
MO,rec,1.404061360646887
MO,con,12.46590455204492
MO,agr,5.139490373589408
MO,eec,0.41433671305759634
MO,fnd,1.7555496970143423
MO,pub,0.9575932876485304
MO,hou,13.442919210468007
MO,fbt,1.697492636986415
MO,ins,7.204399251678331
MO,tex,0.0675492053479796
MO,leg,2.3754616606452306
MO,fen,0.4538288110000014
MO,uti,9.36232540407
MO,nmp,1.2315730063560675
MO,brd,3.576821391038395
MO,bnk,5.88442894661299
MO,ore,8.850879697943055
MO,edu,2.541603373110128
MO,ote,0.5025004916904628
MO,man,4.007113567390922
MO,mch,1.264769802916919
MO,dat,2.016520747105743
MO,amd,1.1457545780986804
MO,oil,0.0028863549651214756
MO,hos,8.879426521404572
MO,rnt,2.6934786521222347
MO,pla,1.1225045163000746
MO,fof,0.703697640653576
MO,fin,0.20067377160432562
MO,tsv,12.10571651156765
MO,nrs,1.8760372302731816
MO,sec,3.360528042182081
MO,art,1.0991613014888502
MO,mov,0.15829234442394569
MO,fpd,0.5268551246969709
MO,slg,7.4453776323101595
MO,pri,0.4072698323131357
MO,grd,0.4160792444675235
MO,pip,0.19323341070239755
MO,sle,0.5908997303631087
MO,osv,6.035834743205494
MO,trn,0.5314380510949865
MO,smn,0.042126879842127186
MO,fmt,1.6553529475766315
MO,pet,1.289311422936652
MO,mvt,2.067272211207473
MO,cep,0.3803327650496342
MO,wst,0.8511531337891266
MO,mot,2.0369272475844453
MO,adm,6.764785469910277
MO,soc,2.035864776163446
MO,alt,0.029204731137136685
MO,pmt,0.8510902378485379
MO,trk,2.7195770120832243
MO,fdd,2.441761810440572
MO,gmt,1.440442243285654
MO,wtt,0.20278973316432414
MO,wpd,0.9740398680289951
MO,wht,13.964232204422062
MO,wrh,0.8877293264217764
MO,ott,8.095868534936267
MO,che,3.547126446756914
MO,air,0.5752345315941262
MO,mmf,0.3952302175912002
MO,otr,2.2058081729030365
MO,min,0.5310637600091305
MT,ppd,0.005351323798993008
MT,res,1.5028883351841253
MT,com,0.44664846917897233
MT,amb,1.5405844141612364
MT,fbp,0.35839177082532825
MT,rec,0.21780407519509762
MT,con,3.407496510300461
MT,agr,0.5137141931911656
MT,eec,0.002144155439751307
MT,fnd,0.7058744634702311
MT,pub,0.20218439880530734
MT,hou,2.9458973756756865
MT,fbt,0.3078234240834533
MT,ins,0.7886159215835603
MT,tex,0.00773201077020294
MT,leg,0.2709732026234024
MT,fen,0.09462244021461477
MT,uti,1.94672002419
MT,nmp,0.16969086498121314
MT,brd,0.5567190712084717
MT,bnk,0.9830392302909711
MT,ore,1.9403146354898442
MT,edu,0.28389065680243386
MT,ote,0.0027950060258887695
MT,man,0.20292244701306286
MT,mch,0.03271395577305772
MT,dat,0.18828738299786676
MT,amd,0.27820035715248415
MT,oil,0.6944906605734743
MT,hos,1.9078876959030533
MT,rnt,0.5653806799019336
MT,pla,0.03516230354512068
MT,fof,0.2206007914230409
MT,fin,0.05494805870709169
MT,tsv,1.8266071694077126
MT,nrs,0.4035012000176144
MT,sec,0.2564128393004933
MT,art,0.24112549492695273
MT,mov,0.058185854078351515
MT,fpd,0.04531249341474983
MT,slg,2.4520089579955013
MT,pri,0.039167629299102544
MT,grd,0.0797034530549202
MT,pip,0.09239346558894956
MT,sle,0.13693220861553368
MT,osv,1.09519844891315
MT,trn,0.12016698513906171
MT,smn,0.2753342566966156
MT,fmt,0.16336490075408278
MT,pet,1.4794532502498798
MT,mvt,0.3748792758807996
MT,cep,0.015639622811770743
MT,wst,0.17315430361316117
MT,mot,0.021387711192081854
MT,adm,0.9692732719655278
MT,soc,0.3940790364709317
MT,alt,0.004922365663341424
MT,pmt,0.04427855446849704
MT,trk,0.6316319603978103
MT,fdd,1.1217136873060936
MT,gmt,0.26120988913967774
MT,wtt,0.0060585668901285165
MT,wpd,0.3923122428580439
MT,wht,2.510064328510481
MT,wrh,0.02727761118994433
MT,ott,1.4677685256639816
MT,che,0.09844011232831158
MT,air,0.1276297919670755
MT,mmf,0.04505235765313815
MT,otr,0.431848799890239
MT,min,0.2541491132319165
NE,ppd,0.17888214063453445
NE,res,1.4454351027401005
NE,com,1.1338280881706087
NE,amb,3.5076550525336607
NE,fbp,5.278251992305035
NE,rec,0.3719027006109054
NE,con,6.0005311670337225
NE,agr,5.6799296331065765
NE,eec,0.09472241495248486
NE,fnd,1.1998957147741638
NE,pub,0.8169955957460172
NE,hou,5.24880432137194
NE,fbt,0.8606643677152718
NE,ins,5.378220598839649
NE,tex,0.011575098941575003
NE,leg,0.6396571280759954
NE,fen,0.19416002216575098
NE,uti,3.8858832693000003
NE,nmp,0.5188467197903595
NE,brd,1.0298552632444833
NE,bnk,2.1051815907917226
NE,ore,3.454428185845145
NE,edu,0.7684443669106995
NE,ote,0.026310835143894838
NE,man,1.7071205508706335
NE,mch,0.5646971559191231
NE,dat,0.8105234395306345
NE,amd,0.36398425380594973
NE,hos,3.255183322736084
NE,rnt,0.7048434074998985
NE,pla,0.3360486703787792
NE,fof,0.45411751896246966
NE,fin,0.11172614829275797
NE,tsv,4.046498264725673
NE,nrs,0.7176123842378581
NE,sec,0.8270836329512065
NE,art,0.2848073556811883
NE,mov,0.034004476700109115
NE,fpd,0.125798950595429
NE,slg,4.84980206135448
NE,pri,0.07407493788196805
NE,grd,0.12491352497239773
NE,pip,0.23084097014653457
NE,sle,0.2742269071445264
NE,osv,2.1737657880738137
NE,trn,0.3265196640292001
NE,smn,0.03460734330729642
NE,fmt,0.5393984018888526
NE,pet,0.026918828580058198
NE,mvt,1.0481503670689976
NE,cep,0.124218698990897
NE,wst,0.3885947682334979
NE,mot,0.7043560287255517
NE,adm,2.679751774027969
NE,soc,0.8005372762738048
NE,alt,0.011035041773465638
NE,pmt,0.20803817763683208
NE,trk,1.5848822914601541
NE,fdd,1.2626975348172755
NE,gmt,0.7303344271046384
NE,wtt,0.006786863401091058
NE,wpd,0.3380227191154331
NE,wht,7.034272424182678
NE,wrh,0.32599577913957617
NE,ott,4.08748451637866
NE,che,1.9588349319688159
NE,air,0.13808628088618044
NE,mmf,0.22230851831588533
NE,otr,0.8952359033956454
NE,min,0.06879634830165732
NV,ppd,0.10944657241969426
NV,res,2.6550442495384936
NV,com,0.7168018151828559
NV,amb,2.495327836383806
NV,fbp,1.3263098587052498
NV,rec,0.5230355328653005
NV,con,6.91896825013835
NV,agr,0.329594790609738
NV,eec,0.277590085286194
NV,fnd,0.7086732384191519
NV,pub,0.3261996263803813
NV,hou,5.863258372945157
NV,fbt,0.5624262971603525
NV,ins,2.5162371494204936
NV,tex,0.013903467812679158
NV,leg,0.6531891940547698
NV,fen,0.14855513785930638
NV,uti,4.686495631830001
NV,nmp,0.780615598708173
NV,brd,0.9458847053379663
NV,bnk,2.1267841690240283
NV,ore,3.868806334483885
NV,edu,0.5670153007841491
NV,ote,0.0009038502489304424
NV,man,2.131841818766467
NV,mch,0.06246779933037421
NV,dat,0.636543998491224
NV,amd,0.45188193929604537
NV,oil,0.0014855411376183758
NV,hos,2.1954679722861856
NV,rnt,1.1713902356070067
NV,pla,0.31002760775909
NV,fof,0.09865301866623512
NV,fin,0.17823270093464105
NV,tsv,3.3991320424686187
NV,nrs,0.4432795234023393
NV,sec,0.40622912986407683
NV,art,0.5118625610109905
NV,mov,0.2144599946132628
NV,fpd,0.11913203726211631
NV,slg,3.005520086877482
NV,pri,0.10770625859606417
NV,grd,0.24687129198628216
NV,pip,0.053028995850793
NV,sle,0.24794725443562385
NV,osv,2.014361048162286
NV,trn,0.158479504550664
NV,smn,0.5423172704207299
NV,fmt,0.32312231546825465
NV,pet,0.16000865935907693
NV,mvt,0.6849445055832772
NV,wst,0.31604373595471763
NV,mot,0.03465384120338067
NV,adm,2.516534984573331
NV,soc,0.35021896285779247
NV,alt,0.001735052592066431
NV,trk,0.8596752785768937
NV,fdd,0.9856805834421234
NV,gmt,0.4772583865829079
NV,wtt,0.010744085850793793
NV,wpd,0.10844020478220848
NV,wht,4.5821459407980925
NV,wrh,0.3782686978924901
NV,ott,2.6831757444184863
NV,che,0.09723758367055647
NV,air,0.34548516796653794
NV,mmf,0.21489500560711522
NV,otr,0.8378081548706884
NV,min,0.8546269983918209
NH,ppd,0.06261805101559313
NH,res,1.1164342800259857
NH,com,0.7946033571111842
NH,amb,1.4056443311011848
NH,fbp,0.8931595646816936
NH,rec,0.18312429073559522
NH,con,1.493414660515908
NH,agr,0.02969329295744423
NH,eec,0.11516190065659875
NH,fnd,0.42117936956733876
NH,pub,0.33673101586352505
NH,hou,2.585048135164378
NH,fbt,0.26754021612373396
NH,ins,1.3989276653154414
NH,tex,0.0184192108628849
NH,leg,0.2637030872968029
NH,fen,0.06385272503976505
NH,uti,2.5257472769700002
NH,nmp,0.25267824073634265
NH,brd,0.4593560020365155
NH,bnk,0.5193226428452731
NH,ore,1.7013516151419894
NH,edu,0.46729811224571266
NH,man,0.654596672246018
NH,mch,0.19217039852368764
NH,dat,0.2923977603369816
NH,amd,0.21588309494756544
NH,hos,1.3507081247686379
NH,rnt,0.3779380602552769
NH,pla,0.2523382540571242
NH,fof,0.08510050791778183
NH,fin,0.05432914032795421
NH,tsv,2.3050238072953015
NH,nrs,0.2853655247658958
NH,sec,0.6214677059178505
NH,art,0.19154938487592985
NH,mov,0.043457405088305395
NH,fpd,0.04730334585280529
NH,slg,2.0683891603031164
NH,pri,0.05007879288755878
NH,grd,0.09321718732868901
NH,pip,0.05230586174223078
NH,sle,0.11395147341558202
NH,osv,1.0684364330906353
NH,trn,0.021444693580962824
NH,smn,0.010841308736026267
NH,fmt,0.2726430061911241
NH,pet,0.1540313727896377
NH,mvt,0.3258208266251602
NH,cep,0.24541063640185373
NH,wst,0.15757577257108643
NH,mot,0.03876252841321042
NH,adm,1.179776643061313
NH,soc,0.3096932585784752
NH,alt,0.0072199933000106405
NH,pmt,0.18705277994784247
NH,trk,0.3643324180101993
NH,fdd,0.5039397884534916
NH,gmt,0.22702674561614858
NH,wtt,0.028956003389587575
NH,wpd,0.13852228387916848
NH,wht,2.19784656953546
NH,wrh,0.08552051111952066
NH,ott,1.2747992272623225
NH,che,0.05035629192428762
NH,air,0.060633061149439976
NH,mmf,0.08433807949522339
NH,otr,0.25659446489225235
NH,min,0.07719556030865286
NJ,ppd,1.5051434398803007
NJ,res,10.341978334598455
NJ,com,7.822114298732305
NJ,amb,16.09577390064383
NJ,fbp,9.2469472484336
NJ,rec,1.6530759551177279
NJ,con,20.804919651773123
NJ,agr,0.6175213298692952
NJ,eec,0.631375333864876
NJ,fnd,5.485302761358761
NJ,pub,3.3494022013131706
NJ,hou,35.216339403441886
NJ,fbt,2.916793334160464
NJ,ins,16.19106144805554
NJ,tex,0.27348368257018724
NJ,leg,4.377499269498464
NJ,fen,0.8315970684066372
NJ,uti,18.57506774931
NJ,nmp,1.786495316211261
NJ,brd,9.388654453537994
NJ,bnk,6.97643690329975
NJ,ore,22.09697782934082
NJ,edu,4.490708823266558
NJ,man,8.112014866544834
NJ,mch,1.2202917559523916
NJ,dat,5.459495311959269
NJ,amd,1.907705715927966
NJ,oil,0.0019100901830233993
NJ,hos,14.218499603343268
NJ,rnt,5.175224141143095
NJ,pla,2.2028370285576218
NJ,fof,0.19592623964188527
NJ,fin,1.1850945431774766
NJ,tsv,33.25876447082545
NJ,nrs,3.2736096000538915
NJ,sec,7.0539182596994685
NJ,art,1.8119201708284747
NJ,mov,0.9767311305092614
NJ,fpd,0.6417587187115686
NJ,slg,12.950476924396634
NJ,pri,0.6137735554356105
NJ,grd,1.1619847323734676
NJ,pip,0.46947845570580155
NJ,sle,0.7543934630290279
NJ,osv,10.571266670048947
NJ,trn,0.5863421758052828
NJ,smn,0.03475044100318939
NJ,fmt,1.7014511069033746
NJ,pet,8.869842490912333
NJ,mvt,3.5521837763313826
NJ,cep,1.1254011181474854
NJ,wst,2.016491071242925
NJ,mot,0.09175817398757545
NJ,adm,15.161707579250473
NJ,soc,3.553260015178515
NJ,alt,0.026578937704912008
NJ,trk,4.5854907773328355
NJ,fdd,4.780197424171529
NJ,gmt,2.4751048940734615
NJ,wtt,0.34087385776910273
NJ,wpd,0.26490003180884986
NJ,wht,24.221425058759095
NJ,wrh,2.2650477898796604
NJ,ott,13.949567488071215
NJ,che,6.102480010615295
NJ,air,1.7987517178932357
NJ,mmf,0.9974570741430767
NJ,otr,5.39493945998756
NJ,min,0.33372120069690203
NM,ppd,0.09975371722949991
NM,res,2.1919650079989133
NM,com,0.5863293720525556
NM,amb,2.60232922313216
NM,fbp,1.8948882841876924
NM,rec,0.3782149291320827
NM,con,4.250393086121379
NM,agr,0.9169588096307725
NM,fnd,1.490347275176402
NM,pub,0.1632892492921501
NM,hou,4.614547343239421
NM,fbt,0.5447279846546734
NM,ins,1.5625125206598998
NM,leg,0.349465622634905
NM,fen,0.13437740290484315
NM,uti,3.6911045064600003
NM,nmp,0.2941998300121302
NM,brd,0.8722337518928812
NM,bnk,0.8938923468571354
NM,ore,3.0398216607813153
NM,edu,0.9424559651904196
NM,man,0.41199561367530224
NM,mch,0.03652228173096732
NM,dat,0.36547690130343774
NM,amd,0.33775058837808575
NM,oil,1.1051145466636758
NM,hos,2.885831595774395
NM,rnt,0.6833873256905473
NM,pla,0.10225782697536429
NM,fof,0.24557475394705072
NM,fin,0.32451344264130594
NM,tsv,5.505511691711982
NM,nrs,0.5338867777348403
NM,sec,0.2746561222899129
NM,art,0.301009707308927
NM,mov,0.32680928259049824
NM,fpd,0.04242550373400101
NM,slg,6.32064035878972
NM,pri,0.05056522446078655
NM,grd,0.25304337725784626
NM,pip,0.13883991298051318
NM,sle,0.3278588883409622
NM,osv,1.9397869705451634
NM,trn,0.18210323905909814
NM,smn,1.6305339718218133
NM,fmt,0.12951915317875998
NM,pet,2.2353977273658883
NM,mvt,0.6633908158463896
NM,wst,0.5011043543614121
NM,adm,2.025679096252048
NM,soc,0.4922579176814864
NM,alt,0.0064706364754031605
NM,pmt,0.06199615863129645
NM,trk,0.9377693957855009
NM,fdd,2.0728966357241467
NM,gmt,0.46224011998629405
NM,wtt,0.0105834509826564
NM,wpd,0.03238156886255062
NM,wht,4.389852374353453
NM,wrh,0.12671854363792048
NM,ott,2.5952238844200326
NM,che,0.12341140229987325
NM,air,0.15156288516663727
NM,mmf,0.045118584860167
NM,otr,0.5831406464403147
NM,min,0.20173559444060057
NY,ppd,2.667405043708503
NY,res,33.37575977436393
NY,com,18.887275186457806
NY,amb,39.29199680556763
NY,fbp,21.957215346717128
NY,rec,6.0811436946549735
NY,con,52.03698399575667
NY,agr,3.9347442523811993
NY,eec,1.0997135236108233
NY,fnd,16.795201517758915
NY,pub,13.289485453466463
NY,hou,77.89677682115058
NY,fbt,6.222531277077479
NY,ins,49.14901710632252
NY,tex,0.38893607170954414
NY,leg,15.757535225696904
NY,fen,2.546229616369425
NY,uti,42.07057945461
NY,nmp,3.3175321166947054
NY,brd,28.49185645017866
NY,bnk,49.513675662791705
NY,ore,63.67046568389024
NY,edu,13.090539180592899
NY,ote,0.17718534484080312
NY,man,20.642314982489303
NY,mch,1.5489762156105933
NY,dat,19.487501583487706
NY,amd,6.280024848522114
NY,hos,40.65656708223703
NY,rnt,14.968130302040551
NY,pla,4.491980442095006
NY,fof,0.3219482285198599
NY,fin,6.059503630418668
NY,tsv,92.85656439419418
NY,nrs,8.59731987478322
NY,sec,32.85417238710007
NY,art,7.972432971750524
NY,mov,10.588157128079937
NY,fpd,0.7999319673833071
NY,slg,23.38027164112801
NY,pri,1.4879307258562737
NY,grd,3.5700274704960053
NY,pip,0.9478028108259369
NY,sle,1.413801808509897
NY,osv,27.64715215646754
NY,trn,1.3791762277857242
NY,smn,0.07316550914877255
NY,fmt,4.323252277979132
NY,pet,1.6103237711079825
NY,mvt,7.578039345907672
NY,cep,2.2289374435007057
NY,wst,3.394947263776772
NY,mot,1.243333210612666
NY,adm,32.707660725379704
NY,soc,9.321746045490727
NY,alt,0.30872667749117316
NY,trk,8.885431411078134
NY,fdd,13.316263763319444
NY,gmt,5.280256724754419
NY,wtt,0.7519787471553138
NY,wpd,1.0636020147869458
NY,wht,51.225865183257255
NY,wrh,2.1122372592838574
NY,ott,29.758879893114987
NY,che,8.613544716560023
NY,air,5.010515527727873
NY,otr,7.195470373006354
NY,min,0.46897481921461565
NC,ppd,2.254090734503347
NC,res,9.262165519911324
NC,com,7.209687644528222
NC,amb,15.8399959808495
NC,fbp,25.985170204035096
NC,rec,2.8869491104559524
NC,con,26.971373742046453
NC,agr,5.618380601378382
NC,eec,0.82996486311054
NC,fnd,6.156051669607289
NC,pub,4.478185487524623
NC,hou,28.071651337702736
NC,fbt,3.8622796353695175
NC,ins,10.16936741690917
NC,tex,0.4872360778672355
NC,leg,2.7268739081924394
NC,fen,0.8835271082532455
NC,uti,18.876805715880003
NC,nmp,2.0319929674303454
NC,brd,6.720162313432297
NC,bnk,13.09887003373977
NC,ore,18.52643263257915
NC,edu,5.309084522605169
NC,ote,0.6802604504292955
NC,man,7.821667778476047
NC,mch,2.735355262441322
NC,dat,3.455976226058215
NC,amd,2.430813223741118
NC,oil,0.006725147305200764
NC,hos,15.6197451322613
NC,rnt,5.445857411252317
NC,pla,2.8891954992467452
NC,fof,1.1388534895322389
NC,fin,1.3072726468075049
NC,tsv,27.936193880229236
NC,nrs,2.725375135179716
NC,sec,5.095344380911542
NC,art,1.7979576290002606
NC,mov,0.38650678986686465
NC,fpd,1.483146746576068
NC,slg,26.10813552121667
NC,pri,0.6771700546794296
NC,grd,0.8621284268140716
NC,pip,0.22298722733889376
NC,sle,1.3231350490963492
NC,osv,12.456833717080578
NC,trn,0.7385659467251929
NC,smn,0.03472177840874846
NC,fmt,3.13789279150765
NC,pet,0.647505559859406
NC,mvt,4.70363357586442
NC,cep,1.2824275470211752
NC,wst,1.7476555135938154
NC,mot,2.548721534695916
NC,adm,14.071737756191565
NC,soc,3.1662871534804045
NC,alt,0.13713558065599218
NC,pmt,1.514149456902722
NC,trk,5.903773245296536
NC,fdd,7.405134272039735
NC,gmt,3.2774167150703755
NC,wtt,0.12015979915987829
NC,wpd,3.548406556208987
NC,wht,31.54319006124678
NC,wrh,2.1111719007428333
NC,ott,18.385698976103644
NC,che,7.905042792313177
NC,air,1.7452827863560663
NC,mmf,0.624792381751728
NC,otr,3.86875800842266
NC,min,0.449456334171408
ND,ppd,0.008242510841846016
ND,res,1.035855130580992
ND,com,0.25980705151514644
ND,amb,1.3990244627687967
ND,fbp,1.080287400224542
ND,rec,0.17558674944386218
ND,con,2.9580097072859126
ND,agr,1.6772864477565401
ND,fnd,0.5591297726544374
ND,pub,0.28274800346199697
ND,hou,1.7906813492436697
ND,fbt,0.3379745670549459
ND,ins,0.8231247841298476
ND,tex,0.007679550883520784
ND,leg,0.13067756108040285
ND,fen,0.08476663914789549
ND,uti,1.94429741949
ND,nmp,0.2134097135297645
ND,brd,0.4810226758797739
ND,bnk,0.9922989185614307
ND,ore,1.1840907424216696
ND,edu,0.31396199445086076
ND,ote,0.0031455417028593774
ND,man,0.37075548699358457
ND,mch,0.41523152428525695
ND,dat,0.12724222936203952
ND,amd,0.15200203034353416
ND,oil,0.9083847330273148
ND,hos,1.5916943906447198
ND,rnt,0.5096909182622582
ND,pla,0.052868269987018254
ND,fof,0.3211003662117707
ND,fin,0.0867018369007789
ND,tsv,1.2487836719991372
ND,nrs,0.3372839144163199
ND,sec,0.1760539306368931
ND,art,0.09921701208719969
ND,mov,0.012021543705833488
ND,fpd,0.06508700452983748
ND,slg,3.239044569766927
ND,pri,0.024005795242921485
ND,grd,0.08974373288884058
ND,pip,0.1039017569203258
ND,sle,0.1345820780998343
ND,osv,0.8593457629410236
ND,trn,0.13549326308360266
ND,smn,2.734123558067489
ND,fmt,0.04983765672149577
ND,pet,0.0687774816864503
ND,mvt,0.41159850437286927
ND,cep,0.0193214470274309
ND,wst,0.14001486151597925
ND,mot,0.09385571590125427
ND,adm,0.6168131277286784
ND,soc,0.3649411823029614
ND,alt,0.0018105589700479921
ND,pmt,0.0705665495155043
ND,trk,0.6751188787921657
ND,fdd,0.318989602837456
ND,gmt,0.28679526080678963
ND,wtt,0.04578247306838261
ND,wpd,0.16632150014432984
ND,wht,2.77952339005472
ND,wrh,0.05503607815127949
ND,ott,1.606067911813293
ND,air,0.05821123238161257
ND,mmf,0.020076572770519944
ND,otr,0.3915730319021061
ND,min,0.14746823915086585
OH,ppd,2.0932197003429835
OH,res,7.316438537214055
OH,com,5.892648296191144
OH,amb,17.54894926341023
OH,fbp,19.139951730875076
OH,rec,2.259963023373605
OH,con,25.27834442419345
OH,agr,6.384771800505698
OH,eec,1.4107053329343995
OH,fnd,4.80057779067018
OH,pub,2.487328912776453
OH,hou,29.370337911293284
OH,fbt,3.9157114780464037
OH,ins,17.44585646220224
OH,tex,0.17748016130785577
OH,leg,3.463555125514695
OH,fen,0.9619528262607678
OH,uti,19.57794764661
OH,nmp,2.4851297633304568
OH,brd,5.5637619755362335
OH,bnk,13.78488441407354
OH,ore,19.324715757328697
OH,edu,3.924660960692327
OH,ote,1.1648660555244443
OH,man,8.818163149348885
OH,mch,4.180158534369436
OH,dat,2.655075621351886
OH,amd,2.2049559716118763
OH,oil,1.8975921956003432
OH,hos,19.245806197029722
OH,rnt,5.47938013169206
OH,pla,3.086437758864106
OH,fof,0.9086557597535769
OH,fin,0.9767228626152054
OH,tsv,22.64484850078762
OH,nrs,4.064457329360484
OH,sec,4.045420467393904
OH,art,2.069316359792047
OH,mov,0.36459877748523245
OH,fpd,1.189248915265552
OH,slg,20.342689503068215
OH,pri,0.7644815099681359
OH,grd,0.6426183069808642
OH,pip,1.0373957994652931
OH,sle,1.1443702189548117
OH,osv,11.627524359550558
OH,trn,1.3579039256532373
OH,smn,0.4680500765634203
OH,fmt,6.83012744604416
OH,pet,10.039025871492381
OH,mvt,4.768704941213984
OH,cep,0.3586191521952623
OH,wst,1.968168920239886
OH,mot,7.999657553001151
OH,adm,14.336623753454331
OH,soc,4.412692733742963
OH,alt,0.07334353658941212
OH,pmt,7.765666114733801
OH,trk,7.000490376248132
OH,fdd,6.6770354250053305
OH,gmt,3.322757402653574
OH,wtt,0.2531212121258649
OH,wpd,2.06085700235714
OH,wht,32.1951547396952
OH,wrh,2.4476403104576443
OH,ott,18.64686491519087
OH,che,5.678532226646506
OH,air,1.6485226056277822
OH,mmf,1.0523968931713945
OH,otr,5.200415618217312
OH,min,0.5305651191312903
OK,ppd,0.6901694246986892
OK,res,2.291344583250294
OK,com,0.8894209436959445
OK,amb,4.63842634621849
OK,fbp,4.236767644527535
OK,rec,0.6463693738900781
OK,con,6.867019166324712
OK,agr,2.041468367899026
OK,eec,0.09856839857109045
OK,fnd,2.345444592378363
OK,pub,0.6963240376275214
OK,hou,7.069441818009494
OK,fbt,0.9661875253378335
OK,ins,2.50795757406604
OK,tex,0.010984485487509807
OK,leg,0.83223537495558
OK,fen,0.23834015764840125
OK,uti,6.80284530036
OK,nmp,0.7655635326377679
OK,brd,2.194874555220734
OK,bnk,2.2309397933433512
OK,ore,4.669134365369792
OK,edu,1.213366754716313
OK,ote,0.14082262055829273
OK,man,1.8484438706267219
OK,mch,1.1028109605752912
OK,dat,0.46749870671141963
OK,amd,0.5628715574971516
OK,oil,1.1475473148290378
OK,hos,4.9394029292460635
OK,rnt,1.6335806741591012
OK,pla,0.5609380338183128
OK,fof,0.42478082850096915
OK,fin,0.3697079660058553
OK,tsv,5.273362907296911
OK,nrs,0.9553505754279672
OK,sec,0.5381917236405406
OK,art,0.44973923209489786
OK,mov,0.07928778615262864
OK,fpd,0.17699027770504935
OK,slg,9.947152584502172
OK,pri,0.06421299679626612
OK,grd,0.16300773385355152
OK,pip,0.25582896468357463
OK,sle,0.45059945442664856
OK,osv,3.293332895141951
OK,trn,0.32785101795752775
OK,smn,2.439296982845068
OK,fmt,1.2078663058748387
OK,pet,3.1805114305843483
OK,mvt,1.1766605512305408
OK,cep,0.034207991341146715
OK,wst,0.47869375467715497
OK,mot,0.6742119471367242
OK,adm,3.712790015407374
OK,soc,1.000668662394991
OK,alt,0.015215837851340253
OK,pmt,0.4555902034794157
OK,trk,1.6919243919043325
OK,fdd,3.262235779457162
OK,gmt,0.8198782699305349
OK,wtt,0.009043067173022482
OK,wpd,0.33812487739421926
OK,wht,7.912429478550395
OK,wrh,0.6245559149501474
OK,ott,4.6070569853098515
OK,che,0.6352649463465013
OK,air,0.4713435851812054
OK,mmf,0.11391388563732688
OK,otr,1.1548725824183323
OK,min,0.33998828188022057
OR,ppd,1.2509531822086484
OR,res,4.867863892754835
OR,com,2.1203931731796413
OR,amb,6.612669868529149
OR,fbp,6.765409594374248
OR,rec,0.7906880334671365
OR,con,10.195103515079891
OR,agr,2.7255579012623135
OR,eec,0.1884500758400246
OR,fnd,2.7333458933928774
OR,pub,1.9708974293028072
OR,hou,13.068707560110367
OR,fbt,1.4012250516024964
OR,ins,4.630908089153101
OR,tex,0.025886057915177698
OR,leg,1.1255518843705623
OR,fen,0.33423085648718714
OR,uti,5.30013948723
OR,nmp,0.7287837580423971
OR,brd,1.343993204042398
OR,bnk,2.805127894242399
OR,ore,7.7764021072635305
OR,edu,1.1271388849401462
OR,ote,0.26647216355506154
OR,man,2.7598921591455454
OR,mch,0.17563272324819781
OR,dat,1.9086492675037823
OR,amd,0.8752282359689303
OR,oil,0.0013279571090970262
OR,hos,5.535459437859026
OR,rnt,1.8478347642967
OR,pla,0.944252716318534
OR,fof,1.1782641901615534
OR,fin,0.21486221987062293
OR,tsv,10.062275073314702
OR,nrs,1.3699669389011544
OR,sec,1.0086317200930055
OR,art,0.7493535452506674
OR,mov,0.3696584901397363
OR,fpd,0.549318159418904
OR,slg,2.7339184243681203
OR,pri,0.1742050718381154
OR,grd,0.3995757629336732
OR,pip,0.09952335189356558
OR,sle,0.1635625703010844
OR,osv,3.9871230398827664
OR,trn,0.38597124616696793
OR,smn,0.024221009573216608
OR,fmt,1.380498350496728
OR,pet,0.3090061806260778
OR,mvt,1.706466082803269
OR,cep,1.4700690869034387
OR,wst,0.7010244997137907
OR,mot,0.698695932675506
OR,adm,4.931987701498893
OR,soc,1.4854741953328074
OR,pmt,1.0183567758578989
OR,trk,2.0231353947161534
OR,fdd,2.6626831303112137
OR,gmt,1.1890382984291612
OR,wtt,0.13035495475583952
OR,wpd,3.174354471387949
OR,wht,11.403500684674569
OR,wrh,0.7470585616106803
OR,ott,6.661916051042595
OR,air,0.6548134499559569
OR,mmf,0.39237928894338286
OR,otr,1.7237589821491965
OR,min,0.33196583205559793
PA,ppd,2.5522423291562473
PA,res,11.40497735322766
PA,com,7.73507041931862
PA,amb,22.972070706021242
PA,fbp,12.688466690793122
PA,rec,2.606118627787245
PA,con,29.482447543745657
PA,agr,3.6059738087535167
PA,eec,1.3798031365057764
PA,fnd,6.387638291230578
PA,pub,3.8997484363510595
PA,hou,36.307492762673974
PA,fbt,3.927439613556476
PA,ins,19.689000798952723
PA,tex,0.15766962099850185
PA,leg,6.379915368752193
PA,fen,0.9683952752161886
PA,uti,20.44791439245
PA,nmp,2.370320563242161
PA,brd,13.712525844909571
PA,bnk,10.643402984166777
PA,ore,23.8569780324772
PA,edu,6.886792721223696
PA,ote,0.47540189687312623
PA,man,9.924304731407279
PA,mch,2.7708685568603197
PA,dat,4.449990197684008
PA,amd,2.658582011452281
PA,oil,5.650145735832141
PA,hos,22.050444516208685
PA,rnt,5.8433954361748475
PA,pla,2.7405805132214875
PA,fof,0.8559131821812348
PA,fin,0.6846394572989563
PA,tsv,36.06144310660523
PA,nrs,4.662970123596428
PA,sec,8.34623837638476
PA,art,2.7310447976767507
PA,mov,0.7891296404573993
PA,fpd,1.144498556841129
PA,slg,12.399062617250383
PA,pri,0.6075638171643366
PA,grd,1.367350920989748
PA,pip,0.9552876005307341
PA,sle,0.7338840430494411
PA,osv,12.93283456016487
PA,trn,1.2655447706129004
PA,smn,1.8484786290673783
PA,fmt,5.367996623157055
PA,pet,11.784555662469806
PA,mvt,4.7829879184128075
PA,cep,0.620769857996005
PA,wst,2.1959522357796812
PA,mot,1.9521724738230777
PA,adm,14.263245910438043
PA,soc,5.072488230193211
PA,alt,0.09505448469567482
PA,pmt,4.95175602795836
PA,trk,6.581959383551867
PA,fdd,9.70817752611871
PA,gmt,3.332709552934283
PA,wtt,0.23120293331670366
PA,wpd,2.955641848025487
PA,wht,32.28399163756947
PA,wrh,2.530126627302078
PA,ott,18.74228754054378
PA,che,8.774429200609026
PA,air,1.5297026421962692
PA,mmf,1.4264309565336761
PA,otr,4.5623991583322905
PA,min,0.9861700755433912
RI,ppd,0.0640785510683468
RI,res,1.6383235045891213
RI,com,0.6942884642384906
RI,amb,1.7221327214741107
RI,fbp,0.5051109659810497
RI,rec,0.2496089514630181
RI,con,2.1370566171692986
RI,agr,0.027947651759083467
RI,eec,0.06268886479736074
RI,fnd,0.6884837881623619
RI,pub,0.16961807598291348
RI,hou,3.1150139459121426
RI,fbt,0.29234965870625534
RI,ins,1.6003474430710025
RI,tex,0.010083702672455635
RI,leg,0.39481799365686804
RI,fen,0.09231613205252012
RI,uti,2.0404617066
RI,nmp,0.09416680638581901
RI,brd,0.5213056210173335
RI,bnk,1.2767495667041124
RI,ore,2.0537655719556276
RI,edu,0.5819783464864331
RI,ote,0.13136740966425267
RI,man,0.7093296081191797
RI,mch,0.1264881933285853
RI,dat,0.21508751395361625
RI,amd,0.24443660974021764
RI,oil,0.00028916413959797436
RI,hos,1.6791504242157878
RI,rnt,0.3998660111089742
RI,pla,0.10454517433000668
RI,fof,0.08008227329916279
RI,fin,0.1083096465055811
RI,tsv,2.100917016613757
RI,nrs,0.35644253797152853
RI,sec,0.656365056504589
RI,art,0.1904101056778391
RI,mov,0.07557227377187672
RI,fpd,0.0586037025180056
RI,slg,4.608240346496149
RI,pri,0.04370886103997458
RI,grd,0.16610382953570113
RI,pip,0.018544753025965595
RI,sle,0.16973601130339017
RI,osv,1.244654917336014
RI,trn,0.03796108638537444
RI,smn,0.0011589813506985693
RI,fmt,0.21290964531051404
RI,pet,0.16680940810911998
RI,mvt,0.35603472570718864
RI,cep,0.1526147056325211
RI,wst,0.2292475644492595
RI,mot,0.3265614333677211
RI,adm,1.3379646439787738
RI,soc,0.3849944075352435
RI,alt,0.0033750214592223483
RI,pmt,0.1654903778080632
RI,trk,0.4256059871384419
RI,fdd,1.0836211474528166
RI,gmt,0.2480793077007049
RI,wtt,0.03784342912375134
RI,wpd,0.022097242406851864
RI,wht,2.3878466559366562
RI,wrh,0.06679629464357131
RI,ott,1.395245262950388
RI,che,0.2549362674572426
RI,air,0.06538094000302065
RI,mmf,0.1261645218735753
RI,otr,0.3394350776120504
RI,min,0.06616199180168211
SC,ppd,1.412982421329718
SC,res,6.31047481542514
SC,com,1.626490552393919
SC,amb,6.534563596266608
SC,fbp,2.9538519434207955
SC,rec,0.8374249974184226
SC,con,11.489648386848208
SC,agr,0.5309057621679343
SC,eec,0.543034790261412
SC,fnd,3.0398796230885536
SC,pub,0.81091330666732
SC,hou,13.067122701934109
SC,fbt,1.6079815974543998
SC,ins,4.920415739227498
SC,tex,0.350243884951241
SC,leg,1.4636908967749354
SC,fen,0.3650187120734721
SC,uti,9.09516627279
SC,nmp,1.0326806574951095
SC,brd,2.5922322180666315
SC,bnk,2.7021406269197894
SC,ore,7.831842938570805
SC,edu,1.674167933886176
SC,ote,0.4044952440605657
SC,man,1.9258076905908317
SC,mch,1.9590049824977198
SC,dat,0.8906967511007778
SC,amd,1.0117862424683228
SC,oil,0.004671906437403416
SC,hos,4.302679018947066
SC,rnt,1.9386872702437747
SC,pla,1.6719651006841931
SC,fof,0.1184213587748636
SC,fin,0.496670823908811
SC,tsv,8.333897613251372
SC,nrs,0.6513376097779359
SC,sec,0.8500775318677094
SC,art,0.5740620257377483
SC,mov,0.17562587177688277
SC,fpd,0.6269229640939942
SC,slg,13.384066576710667
SC,pri,0.1719814949533962
SC,grd,0.2812709222370439
SC,pip,0.10016690845836913
SC,sle,0.594173996936284
SC,osv,4.9070433432623775
SC,trn,0.4387193683572259
SC,smn,0.016425631577089858
SC,fmt,1.929060805294219
SC,pet,0.6346188553773455
SC,mvt,1.9582622039833244
SC,cep,0.14257716133061812
SC,wst,0.9761057609151663
SC,mot,4.796804722714387
SC,adm,5.258122064461339
SC,soc,1.3783410171970567
SC,alt,0.09251083753567386
SC,pmt,1.2829992758400228
SC,trk,2.2904164046583015
SC,fdd,2.9239912396065035
SC,gmt,1.364485812151303
SC,wtt,0.1653089273423657
SC,wpd,1.1881203931070392
SC,wht,13.160547217787448
SC,wrh,0.9676300955620611
SC,ott,7.660452791543274
SC,che,1.2321188061452
SC,air,0.1954545125957613
SC,mmf,0.4444708798580158
SC,otr,1.7232723116509803
SC,min,0.1633868613236399
SD,ppd,0.027471113198450067
SD,res,1.2086151283652173
SD,com,0.29905777066542694
SD,amb,1.5283517350200306
SD,fbp,1.3427439851466918
SD,rec,0.1837989052056155
SD,con,2.2851451498783915
SD,agr,2.2643716487264705
SD,eec,0.04369917172149732
SD,fnd,0.537450103626433
SD,pub,0.06668683919964428
SD,hou,1.9848130127094155
SD,fbt,0.3267816431928878
SD,ins,1.086173545373391
SD,tex,0.013528705291856626
SD,leg,0.15324038713340338
SD,fen,0.08147990185099405
SD,uti,1.7334559877400002
SD,nmp,0.1882684933543084
SD,brd,0.7081040370047232
SD,bnk,1.317901551313213
SD,ore,1.3083772806112544
SD,edu,0.3143578990579751
SD,ote,0.0015880473839480068
SD,man,0.5141962631096083
SD,mch,0.22193471603409137
SD,dat,0.10989268828272816
SD,amd,0.2064256082364276
SD,oil,0.0016510174581676768
SD,hos,1.8848595312705436
SD,rnt,0.49025023929373274
SD,pla,0.025126700894633692
SD,fof,0.34336162888876093
SD,fin,0.1828709766750195
SD,tsv,1.394673777059348
SD,nrs,0.39776034839488
SD,sec,0.3545798641006894
SD,art,0.15726011175394164
SD,mov,0.030501128610422864
SD,fpd,0.10393860094978864
SD,slg,2.4512667260505916
SD,pri,0.03410298921189638
SD,grd,0.06724273815653971
SD,pip,0.06442351815764508
SD,sle,0.13594743032332615
SD,osv,0.9543807129205433
SD,trn,0.11023063483599187
SD,smn,0.015421888013333142
SD,fmt,0.20452237718189295
SD,pet,0.0068671828754347615
SD,mvt,0.3979673286269336
SD,cep,0.044264813801426287
SD,wst,0.11448590850428562
SD,mot,0.3500428716479498
SD,adm,0.6932924148230573
SD,soc,0.40275814700265566
SD,alt,0.0022156590193657044
SD,pmt,0.08801249400509055
SD,trk,0.5685399690542707
SD,fdd,0.5505890920495478
SD,gmt,0.27729727536314647
SD,wtt,0.0028053254849317736
SD,wpd,0.18970333737607692
SD,wht,2.6828614150079666
SD,wrh,0.04999303417359077
SD,ott,1.5535291761515695
SD,che,0.1489426127969123
SD,air,0.052673451374374194
SD,mmf,0.10356786338133296
SD,otr,0.270082193847817
SD,min,0.0717793439001087
TN,ppd,1.5945725298536033
TN,res,6.292074171104826
TN,com,1.9803332647050218
TN,amb,7.971935776543738
TN,fbp,8.358283251711391
TN,rec,1.2147453675281694
TN,con,10.483331629485818
TN,agr,1.2879473625538915
TN,eec,0.8676397630900781
TN,fnd,2.7383533999155802
TN,hou,13.371174831919301
TN,fbt,1.8274075945534076
TN,ins,7.421979474526883
TN,tex,0.08819321075969654
TN,leg,1.5429655959625568
TN,fen,0.41514694062146407
TN,uti,5.80662743598
TN,nmp,1.2826241779171843
TN,brd,3.256954807951955
TN,bnk,4.669677184949583
TN,ore,8.803823518930654
TN,edu,1.929774500618177
TN,ote,0.08212785946715785
TN,man,3.8789431713635643
TN,mch,0.8320353082404754
TN,dat,1.405451948123452
TN,amd,1.0429099858868762
TN,oil,0.004504215562443658
TN,hos,7.631052781277688
TN,rnt,2.2534768066695166
TN,pla,1.458301524644284
TN,fof,0.16208416081454566
TN,fin,0.6604996668336356
TN,tsv,12.469061428081739
TN,nrs,1.6115934164897525
TN,sec,1.8545122890126657
TN,art,1.1857621991794793
TN,mov,0.9100283386812915
TN,fpd,0.5295490125489253
TN,slg,5.040855375867132
TN,pri,0.3303995864357712
TN,grd,0.3262167779331123
TN,pip,0.4098842981099546
TN,sle,0.2816800233984936
TN,osv,5.613762635627557
TN,trn,0.5698041302667637
TN,smn,0.06691461033286569
TN,fmt,1.943746538715808
TN,pet,2.464599481256812
TN,mvt,2.2254876730873185
TN,wst,0.8601327615150732
TN,mot,5.826152616491042
TN,adm,6.915465980902444
TN,soc,1.7047822360876057
TN,alt,0.030731839997323106
TN,pmt,1.622955670015461
TN,trk,2.959888311607519
TN,fdd,4.532638533538611
TN,gmt,1.5506842489572568
TN,wtt,0.20633569013135272
TN,wpd,1.5350730887591943
TN,wht,15.059518946604161
TN,wrh,1.2666181405841301
TN,ott,8.708968881077212
TN,che,1.9718072472344452
TN,air,0.39714324419690045
TN,mmf,0.5457269056854319
TN,otr,3.0604431487063954
TN,min,0.8040933528382512
TX,ppd,3.233032233105734
TX,res,49.75534735991151
TX,com,38.70341643685482
TX,amb,65.88164533328724
TX,fbp,41.275471406868355
TX,rec,8.98187130004981
TX,con,139.56302356474956
TX,agr,14.401844632091805
TX,fnd,15.53738441752638
TX,pub,10.910649427005282
TX,hou,139.69055082512955
TX,fbt,16.204227038215695
TX,ins,57.881965573667344
TX,leg,19.33320101633802
TX,fen,4.286205953455463
TX,uti,57.18032693307
TX,nmp,10.048145152914708
TX,brd,44.63287520909457
TX,bnk,44.16315209537311
TX,ore,91.94589865224457
TX,edu,17.89313640678417
TX,ote,4.254756494547844
TX,man,30.949212293099226
TX,mch,7.093044595532014
TX,dat,17.86569892421819
TX,amd,10.542535921818954
TX,oil,52.11194813709528
TX,hos,57.05865695398968
TX,rnt,31.290462481963974
TX,pla,8.143546703385317
TX,fof,2.848776040016945
TX,fin,11.146188700901721
TX,tsv,128.93714368775773
TX,nrs,11.605287441799684
TX,sec,26.248747472491207
TX,art,6.66421177756071
TX,mov,2.303072539715764
TX,fpd,2.8987246105503583
TX,slg,65.8948559548868
TX,pri,1.4228322363483583
TX,grd,2.425270353195089
TX,pip,4.972395766441199
TX,sle,6.01272118802422
TX,osv,54.45313588290338
TX,trn,6.225452561021642
TX,smn,30.650115619995535
TX,fmt,15.481530370854145
TX,pet,43.75543080096485
TX,mvt,19.734134646775598
TX,wst,9.452697200177628
TX,mot,20.53816600358521
TX,adm,67.46213369685523
TX,soc,10.683190622160348
TX,alt,0.22062433902617062
TX,pmt,9.775533643381406
TX,trk,32.52684718936273
TX,fdd,21.610662443435075
TX,gmt,13.750429684970861
TX,wtt,1.5782358325997627
TX,wpd,5.769293499805489
TX,wht,134.10844568378457
TX,wrh,9.150220992496223
TX,ott,77.19875365760795
TX,che,37.36604296254685
TX,air,8.800019776575484
TX,mmf,1.520426652452932
TX,otr,22.760246510609242
TX,min,3.490473188177444
UT,ppd,0.6370930775065903
UT,res,3.8303725511692144
UT,com,2.6788775284163417
UT,amb,3.925806627303445
UT,fbp,3.2558737348558817
UT,rec,0.6329353728496089
UT,con,13.312881655476543
UT,agr,0.8564332899606153
UT,eec,0.2057058547691689
UT,fnd,1.988397996878838
UT,pub,1.7841706168208924
UT,hou,9.224853924914171
UT,fbt,1.12580368138743
UT,ins,3.9331269021164315
UT,tex,0.022665870455843864
UT,leg,0.8356383224380235
UT,fen,0.28994128387293777
UT,uti,6.2433427005
UT,nmp,1.1739681027345465
UT,brd,1.9939666373841913
UT,bnk,4.171549588552302
UT,ore,6.090742684000803
UT,edu,1.4346719902012548
UT,ote,0.03394150551539266
UT,man,1.6793543764585563
UT,mch,0.4186848202665347
UT,dat,1.7491257811070338
UT,amd,0.6914199669455734
UT,oil,0.2680495862924008
UT,hos,3.600477637108477
UT,rnt,1.8940292221903372
UT,pla,0.7121045209345791
UT,fof,0.15192097832420629
UT,fin,0.6551973844645773
UT,tsv,9.133705693040554
UT,nrs,0.7599372936027533
UT,sec,1.2504099835998257
UT,art,0.6197204274878481
UT,mov,0.31718734455948955
UT,fpd,0.6752664834273694
UT,slg,6.374628414848082
UT,pri,0.18388579102947647
UT,grd,0.23332673426858305
UT,pip,0.15072320348260856
UT,sle,0.3642705578965742
UT,osv,3.1957993617788873
UT,trn,0.4061077057302852
UT,smn,0.32784803672250046
UT,fmt,1.4077081523514061
UT,pet,3.196825570976439
UT,mvt,1.3710472817950323
UT,cep,0.37765021160168094
UT,wst,0.4633735352108789
UT,mot,0.6585359135121012
UT,adm,4.265995042429698
UT,soc,0.8663761131532319
UT,alt,0.019996499320259726
UT,pmt,0.6972290915476995
UT,trk,2.1436899780251037
UT,fdd,2.7656262314554785
UT,gmt,0.9553238376314297
UT,wtt,0.013418008879956464
UT,wpd,0.4972212101812319
UT,wht,9.244347241024553
UT,wrh,0.5175351090340404
UT,ott,5.356758632078175
UT,che,1.0642716748120122
UT,air,0.6180888279087828
UT,mmf,0.7692718586493894
UT,otr,1.5840645450444168
UT,min,0.4140391084234331
VT,ppd,0.07643078492915688
VT,res,0.6895093643796325
VT,com,0.3377263528877031
VT,amb,0.868964022298607
VT,fbp,1.173147835422023
VT,rec,0.1335652765745038
VT,con,0.9224870921918233
VT,agr,0.3995538118598422
VT,eec,0.05947432108698004
VT,fnd,0.3389341136503218
VT,pub,0.07779290969977981
VT,hou,1.4638249164695323
VT,fbt,0.15306449357137536
VT,ins,0.616535813383203
VT,tex,0.004717474475782784
VT,leg,0.16060794328816166
VT,fen,0.0507928497010735
VT,uti,1.19172838743
VT,nmp,0.06750935965599869
VT,brd,0.20032879292094793
VT,bnk,0.2795115231650518
VT,ore,0.9624645203533052
VT,edu,0.28486069123461255
VT,ote,0.008839524068954534
VT,man,0.16444595475849705
VT,mch,0.1028918841334856
VT,dat,0.13270772753169344
VT,amd,0.12164402296960287
VT,oil,0.0007970339563411523
VT,hos,0.9487382870707504
VT,rnt,0.10949253208466367
VT,pla,0.10368252540073225
VT,fof,0.09525887530882188
VT,fin,0.03141010582984816
VT,tsv,1.144449112409222
VT,nrs,0.20148061297760805
VT,sec,0.15183452714128162
VT,art,0.10270164710776096
VT,mov,0.017560255702243097
VT,fpd,0.06300259820332889
VT,slg,0.6176175251861306
VT,pri,0.035151593300261144
VT,grd,0.0488777051488838
VT,pip,0.0068791789550586005
VT,sle,0.03624001837341013
VT,osv,0.5880123730838721
VT,trn,0.04119736139545079
VT,smn,0.0032247451665998587
VT,fmt,0.07752753126205142
VT,pet,0.04587497207699908
VT,mvt,0.18640786250737745
VT,wst,0.09517196377028243
VT,mot,0.020131892861148918
VT,adm,0.5633875355515494
VT,soc,0.20694188698650387
VT,alt,0.002603471898029753
VT,pmt,0.01490377016970268
VT,trk,0.22420379425024803
VT,fdd,0.5083147820673805
VT,gmt,0.12988601993511859
VT,wtt,0.01801129443353773
VT,wpd,0.12150538021462835
VT,wht,1.2452635684046163
VT,wrh,0.040760498417008635
VT,ott,0.7302859262597983
VT,che,0.061151139357096714
VT,air,0.016430910867800505
VT,mmf,0.03381487578546561
VT,otr,0.11897620132293638
VT,min,0.04625135809770981
VA,ppd,0.974245505144392
VA,res,8.846684246327804
VA,com,13.658960507140128
VA,amb,12.558639743455345
VA,fbp,20.340258884821456
VA,rec,3.0766113801660526
VA,con,25.014366199491967
VA,agr,1.4261298408268637
VA,eec,0.5006081300183081
VA,fnd,5.686962376918071
VA,pub,2.6857247919307374
VA,hou,28.760332724017086
VA,fbt,2.9320083385888025
VA,ins,8.23524513250885
VA,tex,0.30012283928748684
VA,leg,3.463872786742924
VA,fen,0.7682145977575541
VA,uti,18.023961487050002
VA,nmp,1.637156375410272
VA,brd,7.068262487325226
VA,bnk,10.61560994949851
VA,ore,17.672204893696797
VA,edu,4.769866001658693
VA,ote,5.079184080826519
VA,man,6.005129745458108
VA,mch,1.2823385543580397
VA,dat,5.40134166088646
VA,amd,2.1040189856169196
VA,oil,0.006859101316041116
VA,hos,11.935708025571458
VA,rnt,3.241095180058178
VA,pla,3.1616141916802225
VA,fof,0.25507556742192655
VA,fin,1.6917937387093467
VA,tsv,33.868606547898565
VA,nrs,2.0286871305966825
VA,sec,3.191368560329855
VA,art,1.5053146041658196
VA,mov,0.6734783164915131
VA,fpd,1.0428487663014205
VA,slg,24.118703417275807
VA,pri,0.38530069915297865
VA,grd,1.5782173302999687
VA,pip,0.234157816579246
VA,sle,1.4708609731356677
VA,osv,9.690521044649556
VA,trn,0.8873640376037286
VA,smn,0.11297846798191778
VA,fmt,1.781282346844707
VA,pet,0.714421104260422
VA,mvt,3.5707131974097233
VA,cep,0.43520516122984004
VA,wst,1.653450486649058
VA,mot,1.8570703945251688
VA,adm,14.358538376314527
VA,soc,2.7367282032311473
VA,alt,0.0978462010535385
VA,pmt,0.865119375649182
VA,trk,4.703529522774132
VA,fdd,7.9098914562041145
VA,gmt,2.4880158985943797
VA,wtt,0.38451006991088615
VA,wpd,1.8410303631217442
VA,wht,23.785960359236654
VA,wrh,1.4745245000973297
VA,ott,13.966404005051215
VA,che,0.7027397857465918
VA,air,1.6239610132155722
VA,mmf,0.4730101477195074
VA,otr,3.536777502942075
WA,ppd,1.466372984232045
WA,res,14.574244353254752
WA,com,12.160617230560266
WA,amb,16.940746522537683
WA,fbp,9.741756338063677
WA,rec,2.9392380359893076
WA,con,33.76577788233721
WA,agr,5.456910395347703
WA,eec,0.8497281858736021
WA,fnd,4.603586830556319
WA,pub,20.420379454365882
WA,hou,39.23750758855271
WA,fbt,3.8999872120001227
WA,ins,11.397136975333266
WA,tex,0.12782797626395542
WA,leg,5.238397206524567
WA,fen,1.265022342568713
WA,uti,12.407510955240001
WA,nmp,1.8390451356816606
WA,brd,11.47038844477538
WA,bnk,8.950968125927435
WA,ore,27.243996313319553
WA,edu,4.550631011378201
WA,ote,7.639396421178818
WA,man,6.685946135421296
WA,mch,0.956751865358666
WA,dat,10.615865030447477
WA,amd,2.6597952823748443
WA,hos,16.504392804661645
WA,rnt,6.4413440061535825
WA,pla,0.990724494125301
WA,fof,1.4542234419382865
WA,fin,1.2098962881538506
WA,tsv,39.59403400095257
WA,nrs,3.203748430898605
WA,sec,3.749064566835765
WA,art,2.259470734649592
WA,mov,0.805455000685919
WA,fpd,0.5047040581424829
WA,slg,19.524051341177294
WA,pri,0.4170432168040877
WA,grd,1.6192648221137544
WA,pip,0.17945148447726195
WA,sle,1.8334371817341937
WA,osv,15.04855764341746
WA,trn,1.2122084431013405
WA,smn,0.021393663492719005
WA,fmt,1.980903802810736
WA,pet,10.719492975311177
WA,mvt,4.749555321633413
WA,cep,0.9334377026538854
WA,wst,2.8014056787094566
WA,mot,1.2687109546212765
WA,adm,14.667563816788464
WA,soc,3.3499829790321827
WA,alt,0.06990396725223653
WA,pmt,1.2884884487069854
WA,trk,6.635285561854869
WA,fdd,6.403044318858249
WA,gmt,3.3094142537266156
WA,wtt,0.5158624524863912
WA,wpd,3.811264620904178
WA,wht,32.13219020817279
WA,wrh,1.437446422373776
WA,ott,18.571018325298866
WA,che,3.383686196674773
WA,air,2.6890994235291306
WA,mmf,1.056606328299944
WA,otr,6.072717433285597
WA,min,0.2097608793475059
WV,ppd,0.05192433321977373
WV,res,1.2663574414528551
WV,com,0.2753665613034992
WV,amb,1.6412796290336322
WV,fbp,0.517721025828476
WV,rec,0.1032580290060065
WV,con,2.417721443138358
WV,agr,0.18542740244305644
WV,eec,0.012726065799781182
WV,fnd,0.7954946910615602
WV,pub,0.09380881619814427
WV,hou,2.149474556252587
WV,fbt,0.29117842396488924
WV,ins,0.8931891134693981
WV,tex,0.0014386061548149513
WV,leg,0.32346068292236135
WV,fen,0.07528488899517136
WV,uti,2.88826132419
WV,nmp,0.2745313403139404
WV,brd,0.4841233563205656
WV,bnk,0.4598404716930849
WV,ore,1.414126158245789
WV,edu,0.20071353360083305
WV,ote,0.0852883874721171
WV,man,0.3940549569204959
WV,mch,0.059474217305681164
WV,dat,0.1191287847993991
WV,amd,0.15753666767469482
WV,oil,0.3578302284888135
WV,hos,2.173002483239999
WV,rnt,0.275724205234344
WV,pla,0.20338373622749983
WV,fof,0.07015158208258541
WV,fin,0.03659181046217295
WV,tsv,1.3135463825478375
WV,nrs,0.5042861032946764
WV,sec,0.11554170431015572
WV,art,0.11748576334126516
WV,mov,0.01302715449910014
WV,fpd,0.0838246833285026
WV,slg,1.1216671616383704
WV,pri,0.022932670310875786
WV,grd,0.02629689115657401
WV,pip,0.08014752685265335
WV,sle,0.06887458834604153
WV,osv,1.0264949909914314
WV,trn,0.10152037995766196
WV,smn,1.155347513630183
WV,fmt,0.19051995077375702
WV,pet,0.9979305572582715
WV,mvt,0.35460835072277314
WV,cep,0.004433476201532371
WV,wst,0.1553052146943106
WV,mot,0.5055399748886784
WV,adm,0.9946714729420014
WV,soc,0.4303457173625444
WV,alt,0.0018269216156390675
WV,pmt,0.21577722218062503
WV,trk,0.5303096034138459
WV,fdd,1.2683454517540274
WV,gmt,0.2470854324039834
WV,wtt,0.039078111608180824
WV,wpd,0.3269234139519026
WV,wht,2.3784499840193845
WV,wrh,0.11076089113757012
WV,ott,1.3913549652122181
WV,che,0.20946286552088741
WV,air,0.021487473226461443
WV,mmf,0.03893982439788571
WV,otr,0.3502128361918682
WV,min,0.5802772515523482
WI,ppd,2.9629047295747726
WI,res,4.909897101990299
WI,com,2.5157215237048036
WI,amb,9.56513983851805
WI,fbp,10.584879054660524
WI,rec,0.9795742484791845
WI,con,13.56860115863962
WI,agr,5.059046554153626
WI,eec,0.6441719166430406
WI,fnd,2.499140685718119
WI,pub,1.8215923276480965
WI,hou,14.28315493230702
WI,fbt,2.094499333758971
WI,ins,9.615306311853045
WI,tex,0.07149228968715407
WI,leg,1.6413555880599133
WI,fen,0.4678098036620831
WI,uti,7.5605928723
WI,nmp,1.3592310486533834
WI,brd,3.0225519541549617
WI,bnk,4.076761417057987
WI,ore,9.3828229977431
WI,edu,1.9726298765907728
WI,ote,0.17462363387819732
WI,man,4.373885247166969
WI,mch,3.814210436951112
WI,dat,1.7492393191832254
WI,amd,1.0427287364624933
WI,hos,8.174443554951353
WI,rnt,1.6820270279713914
WI,pla,1.2026797201399295
WI,fof,0.4247995175374421
WI,fin,0.15337307659668398
WI,tsv,10.703830053869636
WI,nrs,2.011528894300144
WI,sec,2.02141183889299
WI,art,0.9253122784257567
WI,mov,0.1669536892768116
WI,fpd,0.5727076724155183
WI,slg,3.5546543843054876
WI,pri,0.4075925430195615
WI,grd,0.5105411272880264
WI,pip,0.22281497124394076
WI,sle,0.2159535130189757
WI,osv,5.5203093236825005
WI,trn,0.6431619047360386
WI,smn,0.023312869784819022
WI,fmt,2.695425745901401
WI,pet,0.649774509458853
WI,mvt,2.550762327169458
WI,cep,0.3119172936477356
WI,wst,0.8491957525226926
WI,mot,3.381430142942886
WI,adm,5.704118254328426
WI,soc,2.1869421955050767
WI,alt,0.018999202003489868
WI,pmt,1.6855894444416595
WI,trk,3.2722786042024103
WI,fdd,2.5078723564831216
WI,gmt,1.7773304302728623
WI,wtt,0.035698887456005926
WI,wpd,1.4228152711182787
WI,wht,17.17030401793821
WI,wrh,1.1615323546104828
WI,ott,9.961891129247402
WI,che,0.9427245679545796
WI,air,0.28503475495487357
WI,mmf,0.6915583290082805
WI,otr,1.6797733448936458
WI,min,0.3079787546617444
WY,ppd,0.00020245060288813846
WY,res,0.5717382977768813
WY,com,0.11104588300698899
WY,amb,0.5115295015906114
WY,fbp,0.12789743159848302
WY,rec,0.09235113352865558
WY,con,1.757717572201106
WY,agr,0.2760634950013242
WY,eec,0.02720975004617337
WY,fnd,0.4042044082783018
WY,pub,0.04851713138715181
WY,hou,1.164129470074383
WY,fbt,0.14320896777680528
WY,ins,0.23092144893837935
WY,tex,0.0008149635959451659
WY,leg,0.08749834283553788
WY,fen,0.04011133014611812
WY,uti,1.43672005557
WY,nmp,0.1075355079962346
WY,brd,0.2326708741287554
WY,bnk,0.3184905682808894
WY,ore,0.7601895962065562
WY,edu,0.12726255022273417
WY,ote,0.0017722711857539836
WY,man,0.1527534391274684
WY,mch,0.0628038340177238
WY,dat,0.04962659577493854
WY,amd,0.09574369023689772
WY,oil,0.4258862226453398
WY,hos,0.3633512157133016
WY,rnt,0.2214535066466071
WY,pla,0.059657033926856715
WY,fof,0.10195643895677245
WY,fin,0.11188354176484737
WY,tsv,0.6746739495217928
WY,nrs,0.050953596972411294
WY,sec,0.10906616062503344
WY,art,0.08311110478187522
WY,mov,0.028126897222273312
WY,fpd,0.012021126294153235
WY,slg,1.4904265327557162
WY,pri,0.006935154454701148
WY,grd,0.03088712158697901
WY,pip,0.06108319494135428
WY,sle,0.06500190445375643
WY,osv,0.42871692816540957
WY,trn,0.0754878599599404
WY,smn,0.9673251663184117
WY,fmt,0.07023886726460278
WY,pet,0.5933768163125527
WY,mvt,0.17440542187345306
WY,cep,0.005337946939468025
WY,wst,0.0665959902714543
WY,mot,0.007337231405316539
WY,adm,0.30348285236524775
WY,soc,0.11562849015775141
WY,alt,0.00021770106749040386
WY,pmt,0.014659601137880174
WY,trk,0.39131658827838933
WY,fdd,0.44750209528902024
WY,gmt,0.12152291109154027
WY,wtt,0.021524017462958487
WY,wpd,0.030734480141862013
WY,wht,1.1607820217128568
WY,wrh,0.06493549595343416
WY,ott,0.6811535751277957
WY,che,0.1265921435856795
WY,air,0.01676503232994846
WY,mmf,0.005111008073616115
WY,otr,0.20445620659626326
WY,min,0.24290033993534002
